,query,reference_contexts,reference_answer,reference_answer_by,query_by
0,"Describe Emma Darwin's early life and family background, including her relationship with Charles Darwin and their shared ancestry.","['Emma Darwin (née Wedgwood; 2 May 1808 – 2 October 1896) was an English woman who was the wife and first cousin of Charles Darwin. They were married on 29 January 1839 and were the parents of ten children, seven of whom survived to adulthood.\n\n\n== Early life ==\nEmma Wedgwood was born at the family estate of Maer Hall in Maer, Staffordshire, the youngest of seven children of Josiah Wedgwood II and his wife Elizabeth ""Bessie"" (née Allen). Her grandfather Josiah Wedgwood had made his fortune in pottery, and like many others who were not part of the aristocracy, they were nonconformist, belonging to the Unitarian church. Charles Darwin was her first cousin; their shared grandparents were Josiah and Sarah Wedgwood, and as the Wedgwood and Darwin families were closely allied, they had been acquainted since childhood.\nShe was close to her sister Fanny, the two being known by the family as the ""Doveleys"", and was charming and messy, accounting for her nickname, ""Little Miss Slip-Slop"".:\u200a9\u200a She helped her older sister Elizabeth with the Sunday school which was held in Maer Hall laundry, writing simple moral tales to aid instruction and giving 60 village children their only formal training in reading, writing and religion.:\u200a17\u200a\nThe Wedgwoods visited Paris for six months in 1818. Though Emma was only 10 at the time, the strangeness and interest of arriving in France remained in her memory.\nIn January 1822 the 13-year-old Emma and her sister Fanny were taken by their mother for a year at Mrs Mayer\'s school at Greville House, on Paddington Green, London, at what was then the semi-rural village of Paddington. Emma was by then ""one of the show performers on the piano"", to the extent that on one occasion she was invited along to play for George IV\'s Mrs Fitzherbert. After this time, Emma was taught by her elder sisters as well as tutors in some subjects. For the rest of her life Emma continued to be a fine pianist, with a tendency to speed up slow movements. She had piano lessons from Moscheles, and allegedly ""two or three"" from Chopin.\nIn 1825 Josiah took his daughters on a grand tour of Europe, via Paris to near Geneva to visit their Aunt Jessie (Madame de Sismondi, née Allen, wife of the historian Jean Charles Leonard de Sismondi) and then on.  In the following year the Sismondis visited Maer, then took Emma and her sister Fanny back to near Geneva to stay with them for eight months. When her father went to collect them he was accompanied by their cousin, Caroline Darwin, and also took Charles Darwin, Caroline\'s brother, as far as Paris, where they all met up again before returning home in July 1827. She was keen on outdoor sports and loved archery.:\u200a21\u200a\nAt Maer on 31 August 1831 she was with her family when they helped Charles Darwin to overturn his father\'s objections to letting Charles go on an extended voyage on the Beagle. During the voyage Charles\' sisters kept him informed of news including the death of Emma\'s sister Fanny at the age of 26, political developments and family gossip.\nEmma herself had turned down several offers of marriage, and after her mother suffered a seizure and became bedridden Emma and her older sister Elizabeth spent a lot of time nursing their mother, though with the help of many servants. Emma and Elizabeth took turns spending time away from their mother, and Emma spent several months each year away from home, staying with friends or family.:\u200a57–58']","Emma Darwin, born Emma Wedgwood on May 2, 1808, was an English woman known for being the wife of Charles Darwin. She grew up at Maer Hall in Staffordshire as the youngest child among seven siblings to Josiah Wedgwood II and Elizabeth ""Bessie"" Allen. Her grandfather, Josiah Wedgwood, had established a successful pottery business, which contributed significantly to their family's wealth. The Wedgwoods were part of the nonconformist Unitarian church, reflecting their status outside the traditional aristocracy.

Emma was closely related to Charles Darwin; they were first cousins and shared grandparents in Josiah and Sarah Wedgwood. This familial connection meant that Emma and Charles had known each other since childhood due to the close ties between the Wedgwood and Darwin families.

In her early life, Emma formed a strong bond with her sister Fanny, together being referred to as the ""Doveleys."" She was described as charming yet somewhat disorganized, earning her the nickname ""Little Miss Slip-Slop."" Emma contributed to her community by assisting her older sister Elizabeth in running a Sunday school at Maer Hall. There, she wrote simple moral tales and provided basic education to 60 village children.

Emma's family traveled extensively during her youth. In 1818, they spent six months in Paris when she was ten years old, an experience that left a lasting impression on her. Later, from January 1822 to the following year, Emma attended Mrs. Mayer's school in London and developed her musical talents, becoming proficient at the piano.

In 1825, Josiah Wedgwood took his daughters on a grand tour of Europe, which included visits to Paris and near Geneva. The family connections extended further when they stayed with their Aunt Jessie (Madame de Sismondi) and later visited her again in Geneva for eight months. During this period, Emma's cousin Caroline Darwin accompanied them, along with Charles Darwin.

Emma was also known for her love of outdoor sports, particularly archery. She played a pivotal role in supporting Charles Darwin during his preparations to embark on the Beagle voyage by helping him overcome familial objections from his father.

Throughout her life, Emma faced personal challenges, including nursing her mother after she suffered a seizure and becoming bedridden. Despite these responsibilities, Emma maintained close relationships with her family and friends, often spending time away from home for extended periods.",ai (phi4),ai (phi4)
1,"Discuss Emma Wedgwood's education and musical talents during her youth, highlighting any notable experiences or instructors she had.","['Emma Darwin (née Wedgwood; 2 May 1808 – 2 October 1896) was an English woman who was the wife and first cousin of Charles Darwin. They were married on 29 January 1839 and were the parents of ten children, seven of whom survived to adulthood.\n\n\n== Early life ==\nEmma Wedgwood was born at the family estate of Maer Hall in Maer, Staffordshire, the youngest of seven children of Josiah Wedgwood II and his wife Elizabeth ""Bessie"" (née Allen). Her grandfather Josiah Wedgwood had made his fortune in pottery, and like many others who were not part of the aristocracy, they were nonconformist, belonging to the Unitarian church. Charles Darwin was her first cousin; their shared grandparents were Josiah and Sarah Wedgwood, and as the Wedgwood and Darwin families were closely allied, they had been acquainted since childhood.\nShe was close to her sister Fanny, the two being known by the family as the ""Doveleys"", and was charming and messy, accounting for her nickname, ""Little Miss Slip-Slop"".:\u200a9\u200a She helped her older sister Elizabeth with the Sunday school which was held in Maer Hall laundry, writing simple moral tales to aid instruction and giving 60 village children their only formal training in reading, writing and religion.:\u200a17\u200a\nThe Wedgwoods visited Paris for six months in 1818. Though Emma was only 10 at the time, the strangeness and interest of arriving in France remained in her memory.\nIn January 1822 the 13-year-old Emma and her sister Fanny were taken by their mother for a year at Mrs Mayer\'s school at Greville House, on Paddington Green, London, at what was then the semi-rural village of Paddington. Emma was by then ""one of the show performers on the piano"", to the extent that on one occasion she was invited along to play for George IV\'s Mrs Fitzherbert. After this time, Emma was taught by her elder sisters as well as tutors in some subjects. For the rest of her life Emma continued to be a fine pianist, with a tendency to speed up slow movements. She had piano lessons from Moscheles, and allegedly ""two or three"" from Chopin.\nIn 1825 Josiah took his daughters on a grand tour of Europe, via Paris to near Geneva to visit their Aunt Jessie (Madame de Sismondi, née Allen, wife of the historian Jean Charles Leonard de Sismondi) and then on.  In the following year the Sismondis visited Maer, then took Emma and her sister Fanny back to near Geneva to stay with them for eight months. When her father went to collect them he was accompanied by their cousin, Caroline Darwin, and also took Charles Darwin, Caroline\'s brother, as far as Paris, where they all met up again before returning home in July 1827. She was keen on outdoor sports and loved archery.:\u200a21\u200a\nAt Maer on 31 August 1831 she was with her family when they helped Charles Darwin to overturn his father\'s objections to letting Charles go on an extended voyage on the Beagle. During the voyage Charles\' sisters kept him informed of news including the death of Emma\'s sister Fanny at the age of 26, political developments and family gossip.\nEmma herself had turned down several offers of marriage, and after her mother suffered a seizure and became bedridden Emma and her older sister Elizabeth spent a lot of time nursing their mother, though with the help of many servants. Emma and Elizabeth took turns spending time away from their mother, and Emma spent several months each year away from home, staying with friends or family.:\u200a57–58']","Emma Wedgwood received a well-rounded education that combined formal schooling with private tutoring. At the age of 13, she attended Mrs. Mayer's school at Greville House in Paddington Green, London, for a year. This period was significant as it marked her development into one of the ""show performers on the piano,"" showcasing her musical talents early on.

Her education continued under the guidance of her elder sisters and various tutors who taught her different subjects. Emma's musical abilities were particularly notable; she became an accomplished pianist, known for her tendency to speed up slow movements during performances. Her talent was recognized at a high level when she played for George IV’s mistress, Mrs. Fitzherbert.

Emma also had the privilege of receiving piano lessons from renowned musicians such as Moscheles and allegedly ""two or three"" sessions with Chopin, which further honed her skills and contributed to her reputation as a fine pianist throughout her life.

In addition to her formal education, Emma's experiences during family travels enriched her cultural exposure. For instance, the grand tour of Europe in 1825, which included visits to Paris and near Geneva, provided her with diverse cultural insights and interactions that likely influenced her personal development and interests.",ai (phi4),ai (phi4)
2,"Explain how Emma Darwin contributed to her family and community before her marriage to Charles Darwin, particularly focusing on her involvement in Sunday school activities and her role within the Wedgwood household.","['Emma Darwin (née Wedgwood; 2 May 1808 – 2 October 1896) was an English woman who was the wife and first cousin of Charles Darwin. They were married on 29 January 1839 and were the parents of ten children, seven of whom survived to adulthood.\n\n\n== Early life ==\nEmma Wedgwood was born at the family estate of Maer Hall in Maer, Staffordshire, the youngest of seven children of Josiah Wedgwood II and his wife Elizabeth ""Bessie"" (née Allen). Her grandfather Josiah Wedgwood had made his fortune in pottery, and like many others who were not part of the aristocracy, they were nonconformist, belonging to the Unitarian church. Charles Darwin was her first cousin; their shared grandparents were Josiah and Sarah Wedgwood, and as the Wedgwood and Darwin families were closely allied, they had been acquainted since childhood.\nShe was close to her sister Fanny, the two being known by the family as the ""Doveleys"", and was charming and messy, accounting for her nickname, ""Little Miss Slip-Slop"".:\u200a9\u200a She helped her older sister Elizabeth with the Sunday school which was held in Maer Hall laundry, writing simple moral tales to aid instruction and giving 60 village children their only formal training in reading, writing and religion.:\u200a17\u200a\nThe Wedgwoods visited Paris for six months in 1818. Though Emma was only 10 at the time, the strangeness and interest of arriving in France remained in her memory.\nIn January 1822 the 13-year-old Emma and her sister Fanny were taken by their mother for a year at Mrs Mayer\'s school at Greville House, on Paddington Green, London, at what was then the semi-rural village of Paddington. Emma was by then ""one of the show performers on the piano"", to the extent that on one occasion she was invited along to play for George IV\'s Mrs Fitzherbert. After this time, Emma was taught by her elder sisters as well as tutors in some subjects. For the rest of her life Emma continued to be a fine pianist, with a tendency to speed up slow movements. She had piano lessons from Moscheles, and allegedly ""two or three"" from Chopin.\nIn 1825 Josiah took his daughters on a grand tour of Europe, via Paris to near Geneva to visit their Aunt Jessie (Madame de Sismondi, née Allen, wife of the historian Jean Charles Leonard de Sismondi) and then on.  In the following year the Sismondis visited Maer, then took Emma and her sister Fanny back to near Geneva to stay with them for eight months. When her father went to collect them he was accompanied by their cousin, Caroline Darwin, and also took Charles Darwin, Caroline\'s brother, as far as Paris, where they all met up again before returning home in July 1827. She was keen on outdoor sports and loved archery.:\u200a21\u200a\nAt Maer on 31 August 1831 she was with her family when they helped Charles Darwin to overturn his father\'s objections to letting Charles go on an extended voyage on the Beagle. During the voyage Charles\' sisters kept him informed of news including the death of Emma\'s sister Fanny at the age of 26, political developments and family gossip.\nEmma herself had turned down several offers of marriage, and after her mother suffered a seizure and became bedridden Emma and her older sister Elizabeth spent a lot of time nursing their mother, though with the help of many servants. Emma and Elizabeth took turns spending time away from their mother, and Emma spent several months each year away from home, staying with friends or family.:\u200a57–58']","Before her marriage to Charles Darwin, Emma Darwin (née Wedgwood) made significant contributions both to her family and her local community. Her involvement was marked by a blend of personal dedication and social responsibility.

### Involvement in Sunday School Activities

Emma played an active role in the educational and religious life of her community through her participation in Sunday school activities at Maer Hall, the Wedgwood family estate. Alongside her older sister Elizabeth, Emma helped run a Sunday school held in the laundry area of the hall. This initiative was crucial as it provided 60 village children with their only formal education in reading, writing, and religion. Emma contributed by writing simple moral tales to aid instruction, which not only enhanced the educational experience for these children but also reflected her commitment to community service and moral upbringing.

### Role within the Wedgwood Household

Within the Wedgwood household, Emma was an integral part of family life. She was known for being charming yet somewhat disorganized, earning her the affectionate nickname ""Little Miss Slip-Slop."" Her close relationship with her sister Fanny, whom she shared a deep bond with, further highlights her familial role. The sisters were collectively referred to as the ""Doveleys"" by their family.

Emma's responsibilities extended beyond education and household duties; she was also involved in caring for her mother when she became bedridden after suffering a seizure. Emma and her sister Elizabeth took turns nursing their mother, demonstrating their dedication and resilience during challenging times. This caregiving role underscored Emma’s commitment to her family, as she balanced these duties with spending time away from home, staying with friends or relatives.

Overall, Emma Darwin's contributions before her marriage were characterized by a strong sense of duty towards both her immediate family and the broader community, reflecting her nurturing nature and social consciousness.",ai (phi4),ai (phi4)
3,"On what date did Emma Wedgwood accept Charles Darwin's marriage proposal, and where were they married?","['== Marriage ==\n\nEmma Wedgwood accepted Charles\' marriage proposal on 11 November 1838 at the age of 30, and they were married on 29 January 1839 at St. Peter\'s Anglican Church in Maer.  Their cousin, the Reverend John Allen Wedgwood, officiated the marriage.\nAfter a brief period of residence in London, they moved permanently to Down House, located in the rural village of Down, around 16 miles (26 km) from St Paul\'s Cathedral and about two hours by coach and train to London Bridge. The village was later renamed Downe.\nCharles and Emma raised their 10 children in a distinctly non-authoritarian manner, and several of them later achieved considerable success in their chosen careers: George, Francis and Horace became Fellows of the Royal Society.\nEmma Darwin is especially remembered for her patience and fortitude in dealing with her husband\'s long-term illness. She also nursed her children through frequent illnesses, and endured the deaths of three of them: Anne, Mary, and Charles Waring. By the mid-1850s she was known throughout the parish for helping in the way a parson\'s wife might be expected to, giving out bread tokens to the hungry and ""small pensions for the old, dainties for the ailing, and medical comforts and simple medicine"" based on Dr. Robert Darwin\'s old prescription book.\nIn a letter dated 5 July 1844, Charles Darwin entrusted to Emma the responsibility of publishing his work, in the case of his sudden death. Charles lived and published On the Origin of Species in 1859.\nEmma often played the piano for Charles, and in Charles\' 1871 The Descent of Man, and Selection in Relation to Sex, Darwin spent several pages on the evolution of musical ability by means of sexual selection.']","Emma Wedgwood accepted Charles Darwin's marriage proposal on 11 November 1838. They were married on 29 January 1839 at St. Peter's Anglican Church in Maer. The Reverend John Allen Wedgwood, their cousin, officiated the wedding.",ai (phi4),ai (phi4)
4,Describe how Charles and Emma Darwin raised their children and mention any notable achievements of their offspring.,"['== Marriage ==\n\nEmma Wedgwood accepted Charles\' marriage proposal on 11 November 1838 at the age of 30, and they were married on 29 January 1839 at St. Peter\'s Anglican Church in Maer.  Their cousin, the Reverend John Allen Wedgwood, officiated the marriage.\nAfter a brief period of residence in London, they moved permanently to Down House, located in the rural village of Down, around 16 miles (26 km) from St Paul\'s Cathedral and about two hours by coach and train to London Bridge. The village was later renamed Downe.\nCharles and Emma raised their 10 children in a distinctly non-authoritarian manner, and several of them later achieved considerable success in their chosen careers: George, Francis and Horace became Fellows of the Royal Society.\nEmma Darwin is especially remembered for her patience and fortitude in dealing with her husband\'s long-term illness. She also nursed her children through frequent illnesses, and endured the deaths of three of them: Anne, Mary, and Charles Waring. By the mid-1850s she was known throughout the parish for helping in the way a parson\'s wife might be expected to, giving out bread tokens to the hungry and ""small pensions for the old, dainties for the ailing, and medical comforts and simple medicine"" based on Dr. Robert Darwin\'s old prescription book.\nIn a letter dated 5 July 1844, Charles Darwin entrusted to Emma the responsibility of publishing his work, in the case of his sudden death. Charles lived and published On the Origin of Species in 1859.\nEmma often played the piano for Charles, and in Charles\' 1871 The Descent of Man, and Selection in Relation to Sex, Darwin spent several pages on the evolution of musical ability by means of sexual selection.']","Charles and Emma Darwin raised their ten children in a distinctly non-authoritarian manner. This approach to parenting allowed for an environment where individuality and personal growth were encouraged, rather than strict adherence to rigid rules or expectations.

Several of their children achieved considerable success in their respective careers. Notably, three of their sons—George, Francis, and Horace—became Fellows of the Royal Society, a prestigious recognition that highlights significant contributions to scientific knowledge.

Emma Darwin is also remembered for her resilience and dedication as a mother. She demonstrated patience and fortitude while caring for Charles during his long-term illness and supported her children through frequent illnesses. Tragically, she endured the loss of three of their children: Anne, Mary, and Charles Waring. Beyond her family responsibilities, Emma was known in her community for her charitable work, providing assistance to those in need by distributing bread tokens, small pensions, dainties, medical comforts, and simple medicines based on Dr. Robert Darwin's old prescription book.

Overall, the Darwins' approach to parenting fostered an environment of support and encouragement that contributed to their children's achievements and Emma's notable community involvement.",ai (phi4),ai (phi4)
5,"What responsibilities did Charles Darwin entrust to Emma in a letter dated 5 July 1844, and which significant work did he publish in 1859?","['== Marriage ==\n\nEmma Wedgwood accepted Charles\' marriage proposal on 11 November 1838 at the age of 30, and they were married on 29 January 1839 at St. Peter\'s Anglican Church in Maer.  Their cousin, the Reverend John Allen Wedgwood, officiated the marriage.\nAfter a brief period of residence in London, they moved permanently to Down House, located in the rural village of Down, around 16 miles (26 km) from St Paul\'s Cathedral and about two hours by coach and train to London Bridge. The village was later renamed Downe.\nCharles and Emma raised their 10 children in a distinctly non-authoritarian manner, and several of them later achieved considerable success in their chosen careers: George, Francis and Horace became Fellows of the Royal Society.\nEmma Darwin is especially remembered for her patience and fortitude in dealing with her husband\'s long-term illness. She also nursed her children through frequent illnesses, and endured the deaths of three of them: Anne, Mary, and Charles Waring. By the mid-1850s she was known throughout the parish for helping in the way a parson\'s wife might be expected to, giving out bread tokens to the hungry and ""small pensions for the old, dainties for the ailing, and medical comforts and simple medicine"" based on Dr. Robert Darwin\'s old prescription book.\nIn a letter dated 5 July 1844, Charles Darwin entrusted to Emma the responsibility of publishing his work, in the case of his sudden death. Charles lived and published On the Origin of Species in 1859.\nEmma often played the piano for Charles, and in Charles\' 1871 The Descent of Man, and Selection in Relation to Sex, Darwin spent several pages on the evolution of musical ability by means of sexual selection.']","In a letter dated 5 July 1844, Charles Darwin entrusted Emma with the responsibility of publishing his work in the event of his sudden death. The significant work that Charles Darwin published in 1859 is ""On the Origin of Species.""",ai (phi4),ai (phi4)
6,"How did Emma's religious beliefs influence her discussions and relationship with Charles Darwin, particularly regarding their differing views on Christianity?","['== Religious views ==\nEmma\'s religious beliefs were founded on Unitarianism, which emphasises inner feeling over the authority of religious texts or doctrine. Her views were not simple and unwavering, and were the result of intensive study and questioning.\nDarwin was open about his scepticism before they became engaged, and she discussed with him the tension between her fears that differences of belief would separate them, and her desire to be close and openly share ideas. Following their marriage, they shared discussions about Christianity for several years. She valued his openness, and his genuine uncertainty regarding the existence and nature of God, which gradually developed into agnosticism. This may have been a bond between them, without necessarily resolving the tensions between their views.\n\nBy early 1837 Charles Darwin was already speculating on transmutation of species. Having decided to marry, he visited Emma on 29 July 1838 and told her of his ideas on transmutation. On 11 November 1838, he returned and proposed to Emma. Again he discussed his ideas, and about ten days later she wrote to him: ""When I am with you I think all melancholy thoughts keep out of my head but since you are gone some sad ones have forced themselves in, of fear that our opinions on the most important subject should differ widely. My reason tells me that honest & conscientious doubts cannot be a sin, but I feel it would be a painful void between us. I thank you from my heart for your openness with me & I should dread the feeling that you were concealing your opinions from the fear of giving me pain. It is perhaps foolish of me to say this much but my own dear Charley we now do belong to each other & I cannot help being open with you. Will you do me a favour? yes I am sure you will, it is to read our Saviour\'s farewell discourse to his disciples which begins at the end of the 13th Chap of John. It is so full of love to them & devotion & every beautiful feeling. It is the part of the New Testament I love best. This is a whim of mine it would give me great pleasure, though I can hardly tell why I don\'t wish you to give me your opinion about it.""\nDarwin had already wondered about the materialism implied by his ideas. The letter shows Emma\'s tension between her fears that differences of belief would separate them, and her desire to be close and openly share ideas. Emma cherished a belief in the afterlife, and was concerned that they should ""belong to each other"" for eternity. The passage in the Gospel of John referred to in Emma\'s letter says ""Love one another"" (13:34), then describes Jesus  saying ""I am the way, the truth and the life: no man cometh unto the Father, but by me"" (14:6). Desmond and Moore note that the section continues: ""Whoever does not abide in me is thrown away like a branch and withers; such branches are gathered, thrown into the fire and burned"" (15:6). As disbelief later gradually crept over Darwin, he could ""hardly see how anyone ought to wish Christianity to be true; for if so the plain language of the text seems to show that the men who do not believe, and this would include my Father, Brother and almost all my best friends, will be everlastingly punished. And this is a damnable doctrine.""\nFollowing their marriage in January 1839, they shared discussions about Christianity for many years. They socialised with the Unitarian clergymen James Martineau and John James Tayler, and read their works as well as those of other Unitarian and liberal Anglican authors such as Francis William Newman whose Phases of faith described a spiritual journey from Calvinism to theism, all part of widespread and heated debate on the authority of Anglicanism. In Downe Emma attended the Anglican village church, but as a Unitarian had the family turn round in silence when the Trinitarian Nicene Creed was recited.\nSoon after their marriage, Emma wrote to Charles ""while you are acting conscientiously & sincerely wishing, & trying to learn the truth, you cannot be wrong"", and although concerned at the threat to faith of the ""habit in scientific pursuits of believing nothing till it is proved"", her hope that he did not ""consider his opinion as formed"" proved correct. Methodical conscientious doubt as a state of inquiry rather than disbelief made him open to nature and revelation, and they remained open with each other.']","Emma's religious beliefs significantly influenced her discussions and relationship with Charles Darwin, especially concerning their differing views on Christianity. Her foundation in Unitarianism emphasized inner feeling over strict adherence to religious texts or doctrines, which allowed for a more open and questioning approach to faith. This perspective facilitated meaningful dialogue between Emma and Charles, even as they navigated differences in belief.

Emma was initially concerned about the potential impact of their differing beliefs on their relationship. She expressed fears that these differences might create a ""painful void"" between them but also valued Charles's openness and honesty regarding his skepticism. Her letter to him reflects her desire for transparency and mutual understanding, as she encouraged him to read a passage from the Gospel of John that resonated with her deeply.

Despite her concerns, Emma cherished a belief in the afterlife and hoped they could ""belong to each other"" eternally. This personal conviction underscored her approach to their discussions, where she emphasized love, openness, and sincerity as guiding principles. Her encouragement for Charles to continue seeking truth conscientiously highlights her acceptance of his methodical doubt as part of a sincere inquiry rather than outright disbelief.

Their relationship was characterized by ongoing dialogue about Christianity, influenced by the broader intellectual environment they engaged with, including Unitarian clergymen like James Martineau and John James Tayler. Emma's ability to maintain open communication and mutual respect for each other's beliefs allowed them to navigate their differences without letting these tensions undermine their bond.

Overall, Emma's religious views fostered an atmosphere of openness and inquiry in her relationship with Charles Darwin, allowing them to discuss profound topics like Christianity while maintaining a close and supportive partnership.",ai (phi4),ai (phi4)
7,"What role did Unitarianism play in Emma Darwin's life, especially in relation to her interactions with Anglican practices and her social circle?","['== Religious views ==\nEmma\'s religious beliefs were founded on Unitarianism, which emphasises inner feeling over the authority of religious texts or doctrine. Her views were not simple and unwavering, and were the result of intensive study and questioning.\nDarwin was open about his scepticism before they became engaged, and she discussed with him the tension between her fears that differences of belief would separate them, and her desire to be close and openly share ideas. Following their marriage, they shared discussions about Christianity for several years. She valued his openness, and his genuine uncertainty regarding the existence and nature of God, which gradually developed into agnosticism. This may have been a bond between them, without necessarily resolving the tensions between their views.\n\nBy early 1837 Charles Darwin was already speculating on transmutation of species. Having decided to marry, he visited Emma on 29 July 1838 and told her of his ideas on transmutation. On 11 November 1838, he returned and proposed to Emma. Again he discussed his ideas, and about ten days later she wrote to him: ""When I am with you I think all melancholy thoughts keep out of my head but since you are gone some sad ones have forced themselves in, of fear that our opinions on the most important subject should differ widely. My reason tells me that honest & conscientious doubts cannot be a sin, but I feel it would be a painful void between us. I thank you from my heart for your openness with me & I should dread the feeling that you were concealing your opinions from the fear of giving me pain. It is perhaps foolish of me to say this much but my own dear Charley we now do belong to each other & I cannot help being open with you. Will you do me a favour? yes I am sure you will, it is to read our Saviour\'s farewell discourse to his disciples which begins at the end of the 13th Chap of John. It is so full of love to them & devotion & every beautiful feeling. It is the part of the New Testament I love best. This is a whim of mine it would give me great pleasure, though I can hardly tell why I don\'t wish you to give me your opinion about it.""\nDarwin had already wondered about the materialism implied by his ideas. The letter shows Emma\'s tension between her fears that differences of belief would separate them, and her desire to be close and openly share ideas. Emma cherished a belief in the afterlife, and was concerned that they should ""belong to each other"" for eternity. The passage in the Gospel of John referred to in Emma\'s letter says ""Love one another"" (13:34), then describes Jesus  saying ""I am the way, the truth and the life: no man cometh unto the Father, but by me"" (14:6). Desmond and Moore note that the section continues: ""Whoever does not abide in me is thrown away like a branch and withers; such branches are gathered, thrown into the fire and burned"" (15:6). As disbelief later gradually crept over Darwin, he could ""hardly see how anyone ought to wish Christianity to be true; for if so the plain language of the text seems to show that the men who do not believe, and this would include my Father, Brother and almost all my best friends, will be everlastingly punished. And this is a damnable doctrine.""\nFollowing their marriage in January 1839, they shared discussions about Christianity for many years. They socialised with the Unitarian clergymen James Martineau and John James Tayler, and read their works as well as those of other Unitarian and liberal Anglican authors such as Francis William Newman whose Phases of faith described a spiritual journey from Calvinism to theism, all part of widespread and heated debate on the authority of Anglicanism. In Downe Emma attended the Anglican village church, but as a Unitarian had the family turn round in silence when the Trinitarian Nicene Creed was recited.\nSoon after their marriage, Emma wrote to Charles ""while you are acting conscientiously & sincerely wishing, & trying to learn the truth, you cannot be wrong"", and although concerned at the threat to faith of the ""habit in scientific pursuits of believing nothing till it is proved"", her hope that he did not ""consider his opinion as formed"" proved correct. Methodical conscientious doubt as a state of inquiry rather than disbelief made him open to nature and revelation, and they remained open with each other.']","Unitarianism played a significant role in shaping Emma Darwin's religious beliefs and influenced her interactions with both Anglican practices and her social circle. Her faith was rooted in Unitarian principles, which emphasized personal inner feeling over strict adherence to religious texts or doctrines. This perspective allowed for intensive study and questioning, reflecting a more individualized approach to spirituality.

In relation to Anglican practices, Emma's Unitarian beliefs led her to adopt certain distinctive behaviors. For instance, while she attended the Anglican village church in Downe with her family, as a Unitarian, she would have them turn around in silence during the recitation of the Trinitarian Nicene Creed. This act symbolized her non-conformity to specific Anglican doctrines that conflicted with her Unitarian views.

Emma's social circle was also influenced by her Unitarianism. She and Charles Darwin engaged with prominent Unitarian clergymen such as James Martineau and John James Tayler, indicating their involvement in broader religious discussions of the time. Additionally, they read works by other Unitarian and liberal Anglican authors like Francis William Newman, whose writings contributed to debates on the authority of traditional Anglicanism.

Overall, Emma's Unitarianism fostered an environment of open dialogue and inquiry within her marriage with Charles Darwin, allowing them to discuss their differing views on religion while maintaining a close relationship. Her faith encouraged a spirit of openness and conscientious doubt, which was integral to both her personal beliefs and interactions with others in her social circle.",ai (phi4),ai (phi4)
8,"Describe the evolution of Charles Darwin's views on religion as influenced by his marriage to Emma, including how they maintained open communication about their beliefs.","['== Religious views ==\nEmma\'s religious beliefs were founded on Unitarianism, which emphasises inner feeling over the authority of religious texts or doctrine. Her views were not simple and unwavering, and were the result of intensive study and questioning.\nDarwin was open about his scepticism before they became engaged, and she discussed with him the tension between her fears that differences of belief would separate them, and her desire to be close and openly share ideas. Following their marriage, they shared discussions about Christianity for several years. She valued his openness, and his genuine uncertainty regarding the existence and nature of God, which gradually developed into agnosticism. This may have been a bond between them, without necessarily resolving the tensions between their views.\n\nBy early 1837 Charles Darwin was already speculating on transmutation of species. Having decided to marry, he visited Emma on 29 July 1838 and told her of his ideas on transmutation. On 11 November 1838, he returned and proposed to Emma. Again he discussed his ideas, and about ten days later she wrote to him: ""When I am with you I think all melancholy thoughts keep out of my head but since you are gone some sad ones have forced themselves in, of fear that our opinions on the most important subject should differ widely. My reason tells me that honest & conscientious doubts cannot be a sin, but I feel it would be a painful void between us. I thank you from my heart for your openness with me & I should dread the feeling that you were concealing your opinions from the fear of giving me pain. It is perhaps foolish of me to say this much but my own dear Charley we now do belong to each other & I cannot help being open with you. Will you do me a favour? yes I am sure you will, it is to read our Saviour\'s farewell discourse to his disciples which begins at the end of the 13th Chap of John. It is so full of love to them & devotion & every beautiful feeling. It is the part of the New Testament I love best. This is a whim of mine it would give me great pleasure, though I can hardly tell why I don\'t wish you to give me your opinion about it.""\nDarwin had already wondered about the materialism implied by his ideas. The letter shows Emma\'s tension between her fears that differences of belief would separate them, and her desire to be close and openly share ideas. Emma cherished a belief in the afterlife, and was concerned that they should ""belong to each other"" for eternity. The passage in the Gospel of John referred to in Emma\'s letter says ""Love one another"" (13:34), then describes Jesus  saying ""I am the way, the truth and the life: no man cometh unto the Father, but by me"" (14:6). Desmond and Moore note that the section continues: ""Whoever does not abide in me is thrown away like a branch and withers; such branches are gathered, thrown into the fire and burned"" (15:6). As disbelief later gradually crept over Darwin, he could ""hardly see how anyone ought to wish Christianity to be true; for if so the plain language of the text seems to show that the men who do not believe, and this would include my Father, Brother and almost all my best friends, will be everlastingly punished. And this is a damnable doctrine.""\nFollowing their marriage in January 1839, they shared discussions about Christianity for many years. They socialised with the Unitarian clergymen James Martineau and John James Tayler, and read their works as well as those of other Unitarian and liberal Anglican authors such as Francis William Newman whose Phases of faith described a spiritual journey from Calvinism to theism, all part of widespread and heated debate on the authority of Anglicanism. In Downe Emma attended the Anglican village church, but as a Unitarian had the family turn round in silence when the Trinitarian Nicene Creed was recited.\nSoon after their marriage, Emma wrote to Charles ""while you are acting conscientiously & sincerely wishing, & trying to learn the truth, you cannot be wrong"", and although concerned at the threat to faith of the ""habit in scientific pursuits of believing nothing till it is proved"", her hope that he did not ""consider his opinion as formed"" proved correct. Methodical conscientious doubt as a state of inquiry rather than disbelief made him open to nature and revelation, and they remained open with each other.']","Charles Darwin's views on religion evolved significantly over time, particularly influenced by his marriage to Emma. Initially, Darwin was already skeptical about religious doctrines before he and Emma became engaged. This skepticism was rooted in his scientific pursuits and the habit of questioning established beliefs until they were proven.

Upon their engagement, Darwin openly discussed his ideas on transmutation of species with Emma, which included materialistic implications that challenged traditional religious views. Emma expressed her concerns about potential differences in their beliefs, particularly regarding Christianity, but she valued Darwin's openness and honesty. This mutual respect for open communication allowed them to discuss their differing views without fear of concealing true opinions.

After their marriage in January 1839, Darwin and Emma continued to engage in discussions about religion. They maintained an environment where they could share ideas freely, despite their differences. Emma cherished her belief in the afterlife and was concerned about belonging together eternally, while Darwin's views gradually shifted towards agnosticism as he found it increasingly difficult to reconcile his scientific understanding with Christian doctrines.

Their social interactions with Unitarian clergymen like James Martineau and John James Tayler, along with reading works by liberal Anglican authors such as Francis William Newman, further fueled their discussions. These engagements exposed them to a spectrum of religious thought, from Calvinism to theism, reflecting the broader debates on Anglicanism's authority.

Emma supported Darwin's conscientious pursuit of truth, emphasizing that his methodical doubt was not disbelief but rather an open inquiry into nature and revelation. This approach allowed Darwin to remain receptive to new ideas while maintaining a respectful dialogue with Emma about their beliefs.

Overall, Charles Darwin's views evolved from skepticism to agnosticism under the influence of his marriage to Emma, characterized by ongoing open communication and mutual respect for each other's perspectives on religion.",ai (phi4),ai (phi4)
9,"What was the significance of ""The Grove"" after Emma Darwin's time, and what decision did Fitzwilliam College make regarding its gatehouse, Grove Lodge?","['== Later life and the Darwin grounds ==\n\nShortly before she turned 74, her husband Charles died at 73 on 19 April 1882. Subsequently, Emma spent the summers in Down House. She bought a large house called The Grove on Huntingdon Road in Cambridge, and lived there during the winters. Emma Darwin died in 1896. Her son Francis had a house, which he named Wychfield, built in the grounds of The Grove. He lived there during most winters, spending summers in Gloucestershire. Emma\'s son Horace also had a house built in the grounds, and named it The Orchard.\nThe Grove is now the central building of Fitzwilliam College, and provides common room facilities for graduates, Fellows and senior members. In January 2009, Cambridge City Council gave the College planning permission to demolish its gatehouse, Grove Lodge, which now forms part of Murray Edwards College. After local residents and academics expressed concern and there was a campaign against the demolition, the college council decided to reconsider possible alternative uses; their decision at the end of September 2009 was to keep and refurbish Grove Lodge. Architects, consultants and builders were appointed for conversion work, which when completed in September 2011 provided five new studies for Fellows.\n\n\n== Children ==\n\nThe Darwins (after Charles\' death in 1882, Emma and Francis) also brought up Francis\' son Bernard Darwin (1876-1961) after the death of Bernard\'s mother a few days after he was born.\n\n\n== Cultural references ==\nIn 2001 a biography of Emma was published written by Edna Healey, though it has been criticised for attempting to give credit to Emma for her husband\'s ideas, whereas other historians agree she had little, if any, scientific input.\nIn 2008 Mrs Charles Darwin\'s Recipe Book was published, with profits going to the Darwin Correspondence Project at Cambridge University.\nThe 2009 film Creation focuses in part on the relationship between Charles and Emma. Emma was played by Jennifer Connelly.\nA boarding house at Shrewsbury School is named in her honour.\n\n\n== Darwins buried at Downe ==\nEight members of the Darwin family are buried at St Mary\'s Church, Downe. Darwins buried at Downe include: Bernard Darwin and his wife Elinor Monsell, who taught her husband\'s cousin Gwen (Darwin) Raverat, engraver and author of Period Piece; Charles Waring Darwin; Elizabeth Darwin, ""Aunt Bessy""; Emma Darwin, Charles Darwin\'s wife; Erasmus Alvey Darwin; Mary Eleanor Darwin; Henrietta Etty Darwin, later Litchfield, ""Aunt Etty"". Emma Darwin\'s sister Elizabeth Wedgwood and Aunt Sarah Wedgwood are also buried together at St Mary\'s.\n\n\n== See also ==\nSocial history of the piano\nEmma Darwin (novelist)\nList of coupled cousins\nDarwin–Wedgwood family\nEmma Darwin: A Century of Family Letters\n\n\n== Notes ==\n\n\n== References ==\nBrowne, E. Janet (1995), Charles Darwin: vol. 1 Voyaging, London: Jonathan Cape, ISBN 1-84413-314-1\nBrowne, E. Janet (2002), Charles Darwin: vol. 2 The Power of Place, London: Jonathan Cape, ISBN 0-7126-6837-3\nDarwin, Charles (1837–1838), Notebook B: [Transmutation of species], Darwin Online, CUL-DAR121, retrieved 20 December 2008\nDarwin, Charles (1838), Notebook C: [Transmutation of species], Darwin Online\nDarwin, Charles (1887), Darwin, Francis (ed.), The life and letters of Charles Darwin, including an autobiographical chapter, London: John Murray, retrieved 4 November 2008\nDarwin, Charles (1958), Barlow, Nora (ed.), The Autobiography of Charles Darwin 1809–1882. With the original omissions restored. Edited and with appendix and notes by his granddaughter Nora Barlow, London: Collins, retrieved 4 November 2008\nDesmond, Adrian; Moore, James (1991), Darwin, London: Michael Joseph, Penguin Group, ISBN 0-7181-3430-3\nFreeman, R. B. (1984), . Darwin Pedigrees, London: printed for the author, retrieved 15 September 2009\nFreeman, R. B. (2007), Charles Darwin: A companion (2d online ed.), The Complete Works of Charles Darwin Online, retrieved 18 June 2008\nLitchfield, Henrietta Emma (1904), Emma Darwin, wife of Charles Darwin. A century of family letters, London: John Murray, retrieved 18 February 2013']","### Significance of ""The Grove"" After Emma Darwin's Time

After Emma Darwin's era, ""The Grove,"" which she had purchased on Huntingdon Road in Cambridge, became an integral part of Fitzwilliam College. It serves as the central building of the college and provides common room facilities for graduates, Fellows, and senior members. This transformation highlights its continued importance as a communal space within the academic community.

### Decision Regarding Grove Lodge

Initially, in January 2009, Cambridge City Council granted Fitzwilliam College planning permission to demolish Grove Lodge, which was part of The Grove's grounds and had become associated with Murray Edwards College. However, this decision faced opposition from local residents and academics who expressed concerns about the demolition.

In response to the campaign against it, the college council reconsidered their plans. By September 2009, they decided to keep and refurbish Grove Lodge instead of demolishing it. This led to a project where architects, consultants, and builders were appointed for conversion work. The refurbishment was completed in September 2011, resulting in five new studies being created for Fellows.

This decision reflects the college's responsiveness to community concerns and its commitment to preserving historical structures while adapting them for modern use.",ai (phi4),ai (phi4)
10,"Describe the relationship between Charles Darwin and his wife Emma as depicted in cultural references, including a specific film from 2009.","['== Later life and the Darwin grounds ==\n\nShortly before she turned 74, her husband Charles died at 73 on 19 April 1882. Subsequently, Emma spent the summers in Down House. She bought a large house called The Grove on Huntingdon Road in Cambridge, and lived there during the winters. Emma Darwin died in 1896. Her son Francis had a house, which he named Wychfield, built in the grounds of The Grove. He lived there during most winters, spending summers in Gloucestershire. Emma\'s son Horace also had a house built in the grounds, and named it The Orchard.\nThe Grove is now the central building of Fitzwilliam College, and provides common room facilities for graduates, Fellows and senior members. In January 2009, Cambridge City Council gave the College planning permission to demolish its gatehouse, Grove Lodge, which now forms part of Murray Edwards College. After local residents and academics expressed concern and there was a campaign against the demolition, the college council decided to reconsider possible alternative uses; their decision at the end of September 2009 was to keep and refurbish Grove Lodge. Architects, consultants and builders were appointed for conversion work, which when completed in September 2011 provided five new studies for Fellows.\n\n\n== Children ==\n\nThe Darwins (after Charles\' death in 1882, Emma and Francis) also brought up Francis\' son Bernard Darwin (1876-1961) after the death of Bernard\'s mother a few days after he was born.\n\n\n== Cultural references ==\nIn 2001 a biography of Emma was published written by Edna Healey, though it has been criticised for attempting to give credit to Emma for her husband\'s ideas, whereas other historians agree she had little, if any, scientific input.\nIn 2008 Mrs Charles Darwin\'s Recipe Book was published, with profits going to the Darwin Correspondence Project at Cambridge University.\nThe 2009 film Creation focuses in part on the relationship between Charles and Emma. Emma was played by Jennifer Connelly.\nA boarding house at Shrewsbury School is named in her honour.\n\n\n== Darwins buried at Downe ==\nEight members of the Darwin family are buried at St Mary\'s Church, Downe. Darwins buried at Downe include: Bernard Darwin and his wife Elinor Monsell, who taught her husband\'s cousin Gwen (Darwin) Raverat, engraver and author of Period Piece; Charles Waring Darwin; Elizabeth Darwin, ""Aunt Bessy""; Emma Darwin, Charles Darwin\'s wife; Erasmus Alvey Darwin; Mary Eleanor Darwin; Henrietta Etty Darwin, later Litchfield, ""Aunt Etty"". Emma Darwin\'s sister Elizabeth Wedgwood and Aunt Sarah Wedgwood are also buried together at St Mary\'s.\n\n\n== See also ==\nSocial history of the piano\nEmma Darwin (novelist)\nList of coupled cousins\nDarwin–Wedgwood family\nEmma Darwin: A Century of Family Letters\n\n\n== Notes ==\n\n\n== References ==\nBrowne, E. Janet (1995), Charles Darwin: vol. 1 Voyaging, London: Jonathan Cape, ISBN 1-84413-314-1\nBrowne, E. Janet (2002), Charles Darwin: vol. 2 The Power of Place, London: Jonathan Cape, ISBN 0-7126-6837-3\nDarwin, Charles (1837–1838), Notebook B: [Transmutation of species], Darwin Online, CUL-DAR121, retrieved 20 December 2008\nDarwin, Charles (1838), Notebook C: [Transmutation of species], Darwin Online\nDarwin, Charles (1887), Darwin, Francis (ed.), The life and letters of Charles Darwin, including an autobiographical chapter, London: John Murray, retrieved 4 November 2008\nDarwin, Charles (1958), Barlow, Nora (ed.), The Autobiography of Charles Darwin 1809–1882. With the original omissions restored. Edited and with appendix and notes by his granddaughter Nora Barlow, London: Collins, retrieved 4 November 2008\nDesmond, Adrian; Moore, James (1991), Darwin, London: Michael Joseph, Penguin Group, ISBN 0-7181-3430-3\nFreeman, R. B. (1984), . Darwin Pedigrees, London: printed for the author, retrieved 15 September 2009\nFreeman, R. B. (2007), Charles Darwin: A companion (2d online ed.), The Complete Works of Charles Darwin Online, retrieved 18 June 2008\nLitchfield, Henrietta Emma (1904), Emma Darwin, wife of Charles Darwin. A century of family letters, London: John Murray, retrieved 18 February 2013']","The relationship between Charles Darwin and his wife Emma is portrayed with depth and nuance in various cultural references. A notable depiction of their relationship can be found in the 2009 film ""Creation."" In this film, Emma Darwin is played by Jennifer Connelly. The movie focuses on part of their life together, particularly highlighting the dynamics of their marriage during a period when Charles was developing his groundbreaking theories.

The film explores both the personal and intellectual aspects of their relationship, illustrating how they supported each other despite differing views on some matters, such as religion. Emma is shown as a supportive partner who played a significant role in Charles's life, providing emotional support and managing household affairs that allowed him to focus on his scientific work.

Additionally, a biography of Emma written by Edna Healey was published in 2001, which has been critiqued for attempting to attribute some credit for Charles Darwin’s ideas to Emma. This suggests an ongoing interest in understanding the extent of her influence and support in his life and work.

Overall, cultural references like ""Creation"" and biographical works contribute to a richer understanding of the personal dynamics between Charles and Emma Darwin, portraying their relationship as one of mutual respect and profound partnership amidst the backdrop of scientific discovery.",ai (phi4),ai (phi4)
11,"How many members of the Darwin family are buried at St Mary's Church, Downe, and can you name two individuals among them?","['== Later life and the Darwin grounds ==\n\nShortly before she turned 74, her husband Charles died at 73 on 19 April 1882. Subsequently, Emma spent the summers in Down House. She bought a large house called The Grove on Huntingdon Road in Cambridge, and lived there during the winters. Emma Darwin died in 1896. Her son Francis had a house, which he named Wychfield, built in the grounds of The Grove. He lived there during most winters, spending summers in Gloucestershire. Emma\'s son Horace also had a house built in the grounds, and named it The Orchard.\nThe Grove is now the central building of Fitzwilliam College, and provides common room facilities for graduates, Fellows and senior members. In January 2009, Cambridge City Council gave the College planning permission to demolish its gatehouse, Grove Lodge, which now forms part of Murray Edwards College. After local residents and academics expressed concern and there was a campaign against the demolition, the college council decided to reconsider possible alternative uses; their decision at the end of September 2009 was to keep and refurbish Grove Lodge. Architects, consultants and builders were appointed for conversion work, which when completed in September 2011 provided five new studies for Fellows.\n\n\n== Children ==\n\nThe Darwins (after Charles\' death in 1882, Emma and Francis) also brought up Francis\' son Bernard Darwin (1876-1961) after the death of Bernard\'s mother a few days after he was born.\n\n\n== Cultural references ==\nIn 2001 a biography of Emma was published written by Edna Healey, though it has been criticised for attempting to give credit to Emma for her husband\'s ideas, whereas other historians agree she had little, if any, scientific input.\nIn 2008 Mrs Charles Darwin\'s Recipe Book was published, with profits going to the Darwin Correspondence Project at Cambridge University.\nThe 2009 film Creation focuses in part on the relationship between Charles and Emma. Emma was played by Jennifer Connelly.\nA boarding house at Shrewsbury School is named in her honour.\n\n\n== Darwins buried at Downe ==\nEight members of the Darwin family are buried at St Mary\'s Church, Downe. Darwins buried at Downe include: Bernard Darwin and his wife Elinor Monsell, who taught her husband\'s cousin Gwen (Darwin) Raverat, engraver and author of Period Piece; Charles Waring Darwin; Elizabeth Darwin, ""Aunt Bessy""; Emma Darwin, Charles Darwin\'s wife; Erasmus Alvey Darwin; Mary Eleanor Darwin; Henrietta Etty Darwin, later Litchfield, ""Aunt Etty"". Emma Darwin\'s sister Elizabeth Wedgwood and Aunt Sarah Wedgwood are also buried together at St Mary\'s.\n\n\n== See also ==\nSocial history of the piano\nEmma Darwin (novelist)\nList of coupled cousins\nDarwin–Wedgwood family\nEmma Darwin: A Century of Family Letters\n\n\n== Notes ==\n\n\n== References ==\nBrowne, E. Janet (1995), Charles Darwin: vol. 1 Voyaging, London: Jonathan Cape, ISBN 1-84413-314-1\nBrowne, E. Janet (2002), Charles Darwin: vol. 2 The Power of Place, London: Jonathan Cape, ISBN 0-7126-6837-3\nDarwin, Charles (1837–1838), Notebook B: [Transmutation of species], Darwin Online, CUL-DAR121, retrieved 20 December 2008\nDarwin, Charles (1838), Notebook C: [Transmutation of species], Darwin Online\nDarwin, Charles (1887), Darwin, Francis (ed.), The life and letters of Charles Darwin, including an autobiographical chapter, London: John Murray, retrieved 4 November 2008\nDarwin, Charles (1958), Barlow, Nora (ed.), The Autobiography of Charles Darwin 1809–1882. With the original omissions restored. Edited and with appendix and notes by his granddaughter Nora Barlow, London: Collins, retrieved 4 November 2008\nDesmond, Adrian; Moore, James (1991), Darwin, London: Michael Joseph, Penguin Group, ISBN 0-7181-3430-3\nFreeman, R. B. (1984), . Darwin Pedigrees, London: printed for the author, retrieved 15 September 2009\nFreeman, R. B. (2007), Charles Darwin: A companion (2d online ed.), The Complete Works of Charles Darwin Online, retrieved 18 June 2008\nLitchfield, Henrietta Emma (1904), Emma Darwin, wife of Charles Darwin. A century of family letters, London: John Murray, retrieved 18 February 2013']","Eight members of the Darwin family are buried at St. Mary's Church in Downe. Two individuals among them are Emma Darwin, who was Charles Darwin's wife, and Henrietta Etty Darwin, later known as Litchfield, referred to as ""Aunt Etty."" Other notable individuals include Bernard Darwin and his wife Elinor Monsell, Charles Waring Darwin, Elizabeth Darwin (""Aunt Bessy""), Erasmus Alvey Darwin, Mary Eleanor Darwin, Emma Darwin's sister Elizabeth Wedgwood, and Aunt Sarah Wedgwood.",ai (phi4),ai (phi4)
12,"What is the title of Edna Healey's book published in 1986 that discusses Emma Darwin among other notable women, and which publishing house released it?","['== Further reading ==\nHealey, E. Wives of fame : Mary Livingstone, Jenny Marx, Emma  Darwin London : Sidgwick & Jackson, 1986. 210 pp. (see also Emma Darwin, above.)\nHealey, Edna. Emma Darwin: The inspirational wife of a genius London: Headline, 2001. 372 pp. ISBN 0 7472 6248 9\n\n\n== External links ==\n\nEmma Darwin at Find a Grave\nEmma Darwin\'s diaries 1824-1896\nUKRC GetSET Women blog ""featuring"" Emma Darwin']","The title of Edna Healey's book published in 1986 that discusses Emma Darwin among other notable women is ""Wives of Fame."" It was released by the publishing house Sidgwick & Jackson.",ai (phi4),ai (phi4)
13,"In what year was Edna Healey's biography ""Emma Darwin: The inspirational wife of a genius"" published, and how many pages does it contain?","['== Further reading ==\nHealey, E. Wives of fame : Mary Livingstone, Jenny Marx, Emma  Darwin London : Sidgwick & Jackson, 1986. 210 pp. (see also Emma Darwin, above.)\nHealey, Edna. Emma Darwin: The inspirational wife of a genius London: Headline, 2001. 372 pp. ISBN 0 7472 6248 9\n\n\n== External links ==\n\nEmma Darwin at Find a Grave\nEmma Darwin\'s diaries 1824-1896\nUKRC GetSET Women blog ""featuring"" Emma Darwin']","Edna Healey's biography ""Emma Darwin: The inspirational wife of a genius"" was published in the year 2001. It contains 372 pages. 

Reference:
- Edna Healey. Emma Darwin: The inspirational wife of a genius London: Headline, 2001. 372 pp. ISBN 0 7472 6248 9",ai (phi4),ai (phi4)
14,Where can one find Emma Darwin's diaries from the years 1824 to 1896 according to the context provided?,"['== Further reading ==\nHealey, E. Wives of fame : Mary Livingstone, Jenny Marx, Emma  Darwin London : Sidgwick & Jackson, 1986. 210 pp. (see also Emma Darwin, above.)\nHealey, Edna. Emma Darwin: The inspirational wife of a genius London: Headline, 2001. 372 pp. ISBN 0 7472 6248 9\n\n\n== External links ==\n\nEmma Darwin at Find a Grave\nEmma Darwin\'s diaries 1824-1896\nUKRC GetSET Women blog ""featuring"" Emma Darwin']","According to the context provided, one can find Emma Darwin's diaries from the years 1824 to 1896 through an external link titled ""Emma Darwin's diaries 1824-1896."" The specific location or platform where these diaries are accessible is not detailed in the given information.",ai (phi4),ai (phi4)
