,query,android_query_eval_time,android_response,android_src_file
0,What was the primary reason for the proposed building of a corona?,123,"The primary reason for the proposed building of an “corona” around the lantern over the central cross was due primarily religious reverence, seeking an artistic form that reflected an abbey's reverence for the deceased monks buried within the church’s walls.",raw_avs_responses/avs_2p.csv
1,"What was the primary impetus behind Darwin's intense study of transmutation, as highlighted in the passage?",7,"The primary impetus behind Darwin’s intense study of transmutation was Darwin’s desire, fueled by an early interest and an exploration, as well as an expert’s experience, he took on editing and publishing expert reports on his collections and with Henslow’s help obtained an anonymously published sensational best-seller Vestiges of the Natural History of Creation brought wide interest into transmutation.",raw_avs_responses/avs_2p.csv
2,Which of the following best describes the central idea of Darwin's theory of evolution?,3,The central idea of Darwin's theory of evolution can be best described as **natural selection was ultimately the basic mechanism of evolution**.,raw_avs_responses/avs_2p.csv
3,"According to Darwin's observations and notes, what was the primary purpose of the Beagle voyage?",3,"According to Darwin’s observations and notes, the primary purpose of the Beagle voyage was *to establish his theory about evolution.*",raw_avs_responses/avs_2p.csv
4,"According to Darwin's observations, what was a key observation he made regarding the origin of species?",5,"According Darwin’s observations regarding the origin of species was his observation that farmers picking stock specifically for quality and selective breeding would create an ""evolution"" of stock as he worked and this process would lead him into an idea of an ""origin of species.""",raw_avs_responses/avs_2p.csv
5,How did Richard II's donations contribute to the completion of the Gothic church?,7,"Richard II's donations contributed significantly towards the completion of the Gothic church through an investment over several years. Specifically, an early donation of £2,500 was made by Licoricia which was later added into funds toward rebuilding efforts by Henry V. This investment was crucial as the church wasn't completed until around1253 and was completed around1060.",raw_avs_responses/avs_2p.csv
6,"How did Herbert Spencer's ideas in ""Social Statics"" relate to evolutionary theory, and what was his stance on human freedom and individual liberties?",49,"Okay! Let's break down how Herbert Spencer’s ideas fit into evolutionary theory – specifically around “Social Statics.” He used this thinking not as an *explanation* of evolution *per se*, but as an *interpretation* of its fundamental principles. Here’s how:

*   **Social Statics:** Spencer’s core concept was about *social statics*. He argued that individuals didn’t passively evolve *into* something predetermined by their genes or environment – they *actively* shaped their own evolutionary trajectory through their social interactions and choices. This meant individuals were striving *towards* their own 'fitness' – meaning they were striving toward their own best *quality* by competing with others. This concept was crucial for understanding how *social systems* could give rise *to* social change – and how individuals could contribute toward an improvement. Think of it as social evolution *driven by selection*.

*   **Evolution in the ‘1880s’:** As mentioned before, his writings in ""Social Statics"" provided an alternative perspective – one that *replaced* traditional evolutionary theory with an emphasis on *social* evolution. He argued for *free-market progress* – meaning, societies could have better outcomes by allowing individuals their own choices and competition. This was directly linked into his idea about natural selection as an impetus for societal improvement and 'survival'. By allowing individuals their choices - competing – they have greater success than by having society dictate their choices.

*   **Free-market Progress:** He believed an evolutionary theory based on natural selection would create an environment where individuals would be driven toward better social behavior by their own efforts and by competition. This meant an emphasis on individual freedom and opportunities – allowing individuals more agency over their own lives and by pushing them towards 'survival' – which meant improving their quality or fitness. This was *directly* linked into an evolutionary perspective.


*   **Individual Liberty/Freedom:** Spencer's ideas were intrinsically linked with an idea he promoted - an evolutionary perspective which was inherently about *individual liberty*. He didn't see freedom as simply an absence of constraints – he believed *active* pursuit of your own 'fitness' would be an inherent part. This meant an individual's choice would be guided by their own goals and needs rather than by external forces. This was an *interpretation* - his position was in line with evolutionary theory's ideas about an evolution driven by selection rather than inherent characteristics!

**In short:** Spencer viewed evolutionary theory as an *interpretation* that applied his ideas about social statics – meaning, how individuals shaped their own evolution by competition – *to* an evolutionary context – specifically by highlighting how individuals can actively contribute toward societal improvement through their choices *within* social settings – which was what Darwin’s theory ultimately focused on.**

Do you want me go into detail about any specific aspect?",raw_avs_responses/avs_2p.csv
7,"According to the text, the location of the abbey had an island in the Thames called Thorney Island. How long did the monks live there?",1,60 years.,raw_avs_responses/avs_2p.csv
8,"What specific type of biological investigation did Darwin initially focus on, and what was his primary motivation for this research?",7,"Darwin initially focused his research on extensive experimental selective breeding of plants and animals – specifically examining how natural selection worked by breeding species so that they could prove their ability were not fixed and not invl selection. His primary motivation for this research was his desire – he pressed on with experiments, research, and passionate pursuit for natural science – that species were not fixed and invl selection.",raw_avs_responses/avs_2p.csv
9,"Why was the abbey's unfinished state a significant factor in the Peasants' Revolt of 1381, and what was the significance of the chantry chapel's location?",25,"Okay! Let's break this down. The abbey's unfinished state played a HUGE role as an *initial* catalyst *for* the Peasants' Revolt of 1381. Here’s why:

*   **Unfinished State:** It was unfinished! This wasn't an accidental state – it was an intentional decision by the abbot Henry. He commissioned building as an addition and an altar-like structure as part of rebuilding an ambulatory (a walkway), but he didn’t finish *everything*. This meant people were actively building *around* the abbey – they were adding their own walls and foundations and creating their own 'chantry' with an array of saints' shrines! This wasn't just an architectural project –it was an act of defiance!

*   **Significance of the Chantry Chapel:**  Henry VII Chapel's location – far east end – was absolutely critical. It was deliberately placed *in* front of the abbey and as an added building that took time and effort –to give people an opportunity –to build an addition that would provide an additional space –to protest their rights and grievances! It’s an example of an abbey’s deliberate strategy - not just an architectural project but an act designed specifically *to* provoke an uprising.


So your question essentially asks what drove the abbey’s unfinished state as an event that was critical to the Peasants’ Revolt!",raw_avs_responses/avs_2p.csv
10,"What role did Lyell's Geological Evidences play in popularizing prehistory, and how did it influence Darwin's view of evolution?",12,"Lyell’s Geological Evidences played an absolutely crucial role in popularizing prehistory as Darwin initially found his theory very unpopular due to Lyell’s caution on evolution. In short, he used his geological evidence (like his discoveries about fossils and their distribution) *to demonstrate* that prehistoric species *were* continuous – they hadn’t broken apart! This wasn’t as accepted as Darwin's idea at first but Lyell’s emphasis shifted minds toward an evolutionary view where species *changed* over time – not *came* from nothing! This widespread acceptance paved way for Darwin’s later work and ultimately influenced his belief about evolution’s direction – ultimately proving evolutionary change was underway.",raw_avs_responses/avs_2p.csv
11,What is Darwin’s primary view on social and political issues reflected in his time and social position?,11,"Darwin’s primary view on social and political issues reflected in his time was one focused heavily on *social cooperation* over *struggle* and *competition*. He believed deeply in treating all human beings as individuals deserving rights and dignity – regardless of their race or social standing – rather than as specimens suitable for selection or ranking by species. His stance was rooted in his upbringing within an *Whig reformist* family tradition which strongly supported electoral reform and abolitionism as an integral part of social progress. This was in opposition to what was seen as an inherent hierarchy between races or social classes. He emphasized *cooperation* as essential for society's advancement – something he believed was *wrongly* emphasized by those who promoted racial inequality.
",raw_avs_responses/avs_2p.csv
12,"What was the primary purpose of Edward the Confessor's abbey, and what significance did it hold in the context of his reign?",5,The primary purpose of Edward the Confessor's abbey was as an official seat of his government. It held significant significance within the context of his reign because he began rebuilding it as an abbey site specifically for his royal burial church – an important part of his role as King.,raw_avs_responses/avs_2p.csv
13,"What is the primary concept that Darwin is exploring in his work on population and the struggle for existence, as described by Malthus?",6,"The primary concept Darwin is exploring in his work on population and the struggle for existence – as described by Malthus –is the idea that human population growth beyond resources (i.e., an inability for humans to sustain themselves) can be ordained by God as an attempt for humans and species creation .",raw_avs_responses/avs_2p.csv
14,How did Darwin’s parents influence his life and choices?,13,"Here’s how Darwin’s parents influenced his life and choices:

*   **Robert Darwin's influence:** This demonstrates Robert’s deep belief in Darwin’s scientific pursuits and his desire for his son's education and advancement. His wealth afforded him opportunities and fostered an environment where education was highly valued within their family.
*   **The Mount’s influence:** This highlights Darwin's fascination with nature and his dedication to his research; his family's home was an ideal location for his natural exploration and observation skills. This fostered an interest he would continue into his life’s work.

Let me know if you'd like me provide additional information regarding any particular aspect!",raw_avs_responses/avs_2p.csv
15,"What significant event marked the beginning of the English Reformation, and how did it affect Westminster Abbey's status and income?",13,"The significant event that marked the beginning of the English Reformation was Henry III's rebuilding (1535) at estminster abbey and an exemption from Bishop of London's jurisdiction. This event dramatically altered Westminster Abbey’s status and income by:

*   **Rebuilding:** It initiated an extensive renovation that transformed the abbey into an elaborate Gothic structure intended as an shrine dedicated to royalty and used by monarchs as their seat of government.
*   **Exemption:** This exemption granted Westminster Abbey an exemption from Bishop of London's jurisdiction, allowing it greater autonomy and control over its finances and resources. This meant more revenue was being generated through charges for services such as managing its grounds and maintaining its relics and treasures.",raw_avs_responses/avs_2p.csv
16,"What was Darwin's initial proposal for the origin of life, based on the text?",4,"Darwin's initial proposal for the origin of life was that all species of life have descended from one common ancestor with an “ape.” He cautioned adding ""would” before ""undermine"".",raw_avs_responses/avs_2p.csv
17,What is the primary function of the south transept?,4,"The primary function of the south transept was used to make transepts match, allowing rooms above the cloisters that were used store abbey muniments.",raw_avs_responses/avs_2p.csv
18,What is the significance of the coronation chair (the throne on which English and British sovereigns are seated when they are crowned)?,6,"The coronation chair (The throne on which English and British sovereigns are seated when they are crowned) was originally used by English kings who were crowned at Westminster Abbey. Despite being kept at various churches like Sco
ny similar churches), allowing for temporary seating within the transepts as an element for these royal crowns.",raw_avs_responses/avs_2p.csv
19,"What was Darwin's proposed explanation for the origin of life, and how did it differ from Newton's initial ideas?",10,"Darwin’s proposed explanation for the origin of life was that life arose from an “warm little pond.” Despite criticisms regarding this notion, he nonetheless proposed it as an idea in an essay sent by Darwin in an letter (1871) addressing Hooker’s concerns regarding an unknown force for this topic. This proposal differed significantly from Newton’s initial ideas which focused primarily on an external force causing movement/gravity – he proposed an internal process – Darwin’s theory was based on an idea where life arose from an existing environment which then modified over time.",raw_avs_responses/avs_2p.csv
20,"What were the primary reasons for Darwin’s dissatisfaction with the traditional views on species, and how did these concerns ultimately lead him to formulate his theory of natural selection?",53,"Okay! Let’s break down Darwin’s dissatisfaction with traditional views on species and its subsequent foundation for his theory of natural selection.

Darwin’s dissatisfaction stemmed primarily from several interconnected factors:

*   **Denial of Ecological Knowledge:** He perceived an elaborate cosmology (a complex system involving creation myths and spiritual beliefs) that seemed wholly disconnected from an understanding *of* nature as something observable and manageable *by* humans. This wasn’t seen as reflecting an inherent order or beauty within nature itself – but simply as an elaborate belief system designed by an indigenous people. This view fostered an *illusion* of mastery over nature by assuming humans could ""control"" or ""perfect"" their world as they did with their beliefs and rituals.
*   **Struggle and Cooperation:** Darwin realized his observations showed humans *not* always succeeding at any kind, or *even* at achieving their goals effectively. He saw these struggles as detrimental rather than an inherent aspect *to* success, or natural evolution! This challenged their inherent belief in competition and “survival by strongest”. This concept clashed profoundly with their worldview where cooperation and shared prosperity were valued more highly.
*   **The ""Miserable, Degraded Savages"" Encounter:** This encounter in Tierra del Fuego – an encounter with indigenous peoples who didn’t seem civilized or particularly skilled – profoundly shaken him. This contradicted his belief in Europeans' role as benevolent observers rather than active participants. He saw their behavior as evidence that their way of life was inherently flawed. This encounter wasn’t simply about their *existence* but their *lack* of proper societal order or knowledge-based thinking. This led him into believing there was an inherent lack of natural order or inherent value by their existence.

**How This Led To his Theory:** This dissatisfaction fueled Darwin’s drive toward developing his theory:

*   **Natural Selection:** Darwin realized his observations were *evidence* for something far more profound – *natural selection*. He abandoned his previous ideas about human superiority and began instead focusing on *how* organisms adapted *to* their environment *without* needing an external “designer” or “superior” guiding force. He realized his observations showed *variation* within populations – individuals *differing* from one another – were *preserving* those differences through *survival* and *reproduction*. This idea inherently challenged his notion of inherent purpose and beauty!
*   **Social Policy:** He believed this process should not be guided by an inherent preference *for* struggle and selection; but by *natural* processes *to* improve populations’ survival! This provided an impetus for an evolution-based policy which was an attempt by him to guide societies toward better survival by allowing natural processes take place! This shift didn't happen instantaneously but was an integral part of his thinking.

Essentially, Darwin’s discomfort grew into an unwavering conviction that *nature* itself was capable of shaping life and leading its evolution toward improvement *without* human influence. His dissatisfaction ultimately paved his way into developing his theory of natural selection – his groundbreaking idea about variation and adaptation!",raw_avs_responses/avs_2p.csv
21,"According to Darwin, what was the primary focus of the book's interest surrounding its publication?",3,According to Darwin’s book’s interest surrounding its publication was Wallace’s descriptions concerning natural selection.,raw_avs_responses/avs_2p.csv
22,How did the scientific community view Darwin's theory of evolution at the time of his work?,11,"At the time Darwin's work was being undertaken (roughly between around 1860s-1880s), primarily within the scientific community, there was considerable acceptance of evolution as an *accepted* fact *but* there were still many who initially favoured competing explanations that minimized the role of natural selection. This was due primarily because many initially favoured explanations that gave only an *minor* role to natural selection, as they were not fully accepted as an *equal* explanation. This was not until more intense interest in evolutionary theory emerged with less controversy than had greeted popular theories such as creationism.",raw_avs_responses/avs_2p.csv
23,What was the initial purpose of the dissolution of the Westminster Abbey?,6,"The initial purpose of the dissolution of the Westminster Abbey was for Henry's agents to assess the abbey's funds. Specifically as they assessed an annual income of £3,000 which was around an era after the abbey's creation by Elizabeth I as an English Reformation church.",raw_avs_responses/avs_2p.csv
24,What was the original purpose of the monastery on the site before the 11th century?,5,The original purpose of the monastery on the site before the11th century was: It was used by monks as an abbed-site as an place for storing food and wine and as an abbey site as an accommodation for people who were travelling into England.,raw_avs_responses/avs_2p.csv
25,"What is the primary function of the Westminster Abbey choir, and how has its role evolved over time?",19,"Here’s an answer based on your provided information:

**What was the primary function of Westminster Abbey Choir?**

Since its foundation in the fourteenth century, the primary role of the Westminster Abbey Choir was originally as daily service choir. However, over time, its role has evolved significantly – from simply singing at services to becoming an integral part of state occasions like royal weddings and funerals.

**How has its role evolved over time?**

*   **14th Century:** This was its foundational role – singing daily services at Westminster Abbey.
*   **1848:** Edward Blore designed the stalls.
*   **1868:** This saw Westminster Abbey become an independent body as the abbey Dean and Chapter have their roles severed. Despite this separation, an Abbey Choir School remains an institution connected closely as an educational institution focusing on choirboys.
*   **20th Century - Present:** By adding into its role and its presence as an integral part within various countries around the world through its role as an educational institution as well as an integral part within various state occasions.",raw_avs_responses/avs_2p.csv
26,How did Darwin's work and the pressure surrounding it affect his health and well-being?,6,"Darwin’s work experienced significant challenges due primarily because he was under pressure and suffered bouts of illness with prolonged stress from meetings or social visits.. Specifically, he experienced an uncomfortable palpitation of his heart and repeated bouts of illness during his last twenty-two years of his life.. This relentless pressure significantly affected his health and well-being.",raw_avs_responses/avs_2p.csv
27,Which of the following best describes the role of Darwin's name in the history of scientific recognition?,6,"The best description reflecting Darwin’s role in history of scientific recognition is: **"" Darwin's scientific discovery as one of unifying theories that explains diversity of life.""** This captures his significant impact as foundational for our modern understanding and recognition as an incredibly influential figure who helped shift our thinking about evolutionary theory and life's diversity.",raw_avs_responses/avs_2p.csv
28,Which of the following best describes the reason for the proposed corona construction?,7,"The reason for proposing an ""corona"" (crown-like architectural feature) around the lantern over the central cross was for two key reasons:

1.  **Religious Significance:** The structure was intended as an architectural representation of burial and an offering
2.  **Administrative Purpose:** This also could be seen as an administrative structure as an offering
",raw_avs_responses/avs_2p.csv
29,"How did the abbey's name derive from the medieval ceremony for appointing a knight, and what was the significance of the bathing element?",13,"Here’s an explanation for your question:

The abbey's name derives from the elaborate medieval ceremony for appointing an knight and included bathing as an integral part of the process as an symbol of purification. Specifically:
*   **1725:** George I founded the Order of Bath – an order of chivalry
*   **13th-century rebuilding:** Many chapels were initially rebuilt as altars dedicated to individual saints
*   **Bathing as purification:** Bathing as part of as an integral part
*   **Symbolic significance:** This ritual was intended as an act of purification and was considered an honor for the knight

Let me know if you’d like me provide more detail!",raw_avs_responses/avs_2p.csv
30,"According to Darwin, how does a population’s growth influence its chances of survival and reproduction?",8,"According Darwin noted that aiding the weak to survive and have families could lose the benefits of natural selection. However, withholding such aid would endanger genetics and the modern evolutionary synthesis. Scientific discoveries have confirmed and validated Darwin’s key insights. Geographical features given his name include Darwin Sound and Mount Darwin, both named while he was on seven of whom survived adulthood.<ch_s>=== Malthus and natural selection ===",raw_avs_responses/avs_2p.csv
31,"What measures were taken to protect Westminster Abbey's artifacts during World War II, and what was one lasting impact of the bombing raids on the abbey?",17,"During World War II, Westminster Abbey’s artifacts were protected by various measures:
1.  **Fire Protection:** Several measures were taken.
2.  **Protection:** the abbey was protected by an extensive fire protection system including an extensive system of fire walls and an extensive system of sand bags.
3.  **Temporary Protection:** After the bombing raids, an extensive system of sandbags was moved out of the abbey’s crossing. This temporary protection was an immediate impact as one lasting impact was an inability
4.  **Rebuilding:** After the war was over, two different designs for an narthex (entr
5.  **Rebuilding:** In response there was an extensive rebuilding project by Henry III that included an elaborate Gothic-style design with an extensive system of sandstone and stone masonry and an extensive system of sandbags.


What was one lasting impact of the bombing raids on the abbey?
One lasting impact was an inability as an immediate impact as an inability

",raw_avs_responses/avs_2p.csv
32,"What was the original purpose of the elaborate medieval ceremony associated with the founding of the Most Honourable Order of the Bath, and how often are installation ceremonies held at the abbey?",6,The original purpose of the elaborate medieval ceremony associated with founding the Most Honourable Order of the Bath was specifically for appointing an knight and an elaborate ritual included bathing as an element as part of the ceremony as an act of purification as well as as an honor for an order's member. Installation ceremonies are held at the abbey every four years.,raw_avs_responses/avs_2p.csv
33,"The Henry VII Lady Chapel is notable for its decoration, particularly the 95 statues of saints.  What is a significant detail about the ceiling's design?",3,The Henry VII Lady Chapel’s pendant-and fan vault-style ceiling design notable for its significant detail about its design involves intricate sculptures representing saints.,raw_avs_responses/avs_2p.csv
34,"What was Darwin's primary interest in early life and education, and how did it influence his intellectual development?",8,"Darwin’s primary interest was his fascination with natural science and his drive for exploration throughout his early life and education, particularly during his voyage aboard HMS Beagle. This thirst for knowledge fostered an intense curiosity about various species and phenomena of the natural world – leading him toward his groundbreaking theories about evolution by natural selection. This curiosity significantly influenced his intellectual development by fueling his desire for discovery and ultimately drove him toward his goal in understanding species relationships and evolutionary processes.",raw_avs_responses/avs_2p.csv
35,"What was the significance of Thomas Huxley's response during the 1860 Oxford evolution debate, and how did it symbolize the relationship between science and religion at that time?",31,"Okay! Let's break down Thomas Huxley’s response during the1860 Oxford evolution debate:

Huxley’s contribution was absolutely crucial – he essentially launched an intellectual battleground between evolution and traditional religious dogma. Here’s what he did:

*   **He confronted Bishop Wilberforce:** Huxley directly challenged the Bishop Wilberforce’s stance on evolution – which was deeply tied and heavily defended by traditional Christianity – by arguing that evolution was not inconsistent with natural theology (i.e., religion could be understood alongside scientific observation).
*   **He portrayed polarisation:** Huxley painted Huxley as someone who vehemently opposed authority. This symbolized an increasingly divisive era where rational science was competing against established religious beliefs. This was an effort in overturning what was thought to be an established view.


**What did it symbolize?**

His response symbolized many things:

*   **Rejection:** It signified an unwillingness by some religious figures—particularly bishops—to acknowledge evolution as an explanation of life's origins and change.
*   **Science-Religion Dialogue:**  Ultimately, Huxley’s stance wasn’t simply about rejecting religion; he sought *reconciliation*. He argued there was an openness between science *and* faith – an area where both could be valid ways of understanding the world.
*   **Challenge:** It was an attempt at pushing boundaries and reshaping how science was considered – one where science wasn’t seen as competing religion but as an independent way to explain nature’s processes.

Essentially, Huxley's actions were an attempt at reshaping how science could be viewed alongside religion as an understanding, rather than as opposition. It was an attempt to create an understanding where there was space between science and religion- which ultimately would be seen as an attempt toward something new!",raw_avs_responses/avs_2p.csv
36,"The document details the history of stained glass at Westminster Abbey.  Besides the typical replacement of clear glass, what specific type of glass was utilized in the 19th century, and what was the significance of this change?",7,"The document details that stained glass was replaced with clear glass since the nineteenth century by artists such as Ninian Comper and Hugh Easton and Alan Younger. Specifically, they used an iPad and replicating the backlight that came through stained glass which was significant as they were replicating John Lawson’s design and the Elizabeth II’s coat arms.",raw_avs_responses/avs_2p.csv
37,"What was Darwin's primary motivation for joining the Plinian Society, and how did it shape his intellectual development?",21,"Okay! Let’s break this down. Darwin’s primary motivation for joining the Plinian Society was driven by his dissatisfaction with his experiences during his voyage on HMS Beagle and his desire for scientific advancement – specifically his support for Charles Lyell’s theory of gradens, which he found dull but essential. This society played an *enormously* significant role in shaping his intellectual development by:

*   **Providing an outlet for his dissatisfaction:** He wasn’t simply seeking an academic position; he wanted opportunities *to learn* and *to contribute* meaningfully *to* his understanding *of* natural sciences.
*   **Supporting the advancement of Lyell's Theory:** He sought out lectures where he could engage with his brother Erasmus about their research into Gradens and he found those lectures less contentious than public debates about creationism – which in turn helped him strengthen his understanding of his ideas. This helped ensure he could properly formulate his theories.

Essentially, joining the Plinian Society was Darwin’s *intentional* step towards becoming an influential scientist by engaging with an active community dedicated *to* scientific inquiry – which allowed him space and an opportunity which fueled his intellectual growth!",raw_avs_responses/avs_2p.csv
38,"What specific geological information did Darwin gather during his trip, beyond the standard coastline surveys?",4,Darwin gathered detailed investigations regarding geographical distribution of wildlife and fossils during his trip beyond standard coastline surveys by focusing on his observations and theories related to gradual geological change following his voyage on HMS Beagle.,raw_avs_responses/avs_2p.csv
39,What type of architectural style was the abbey built in?,3,The abbey was built using an architectural style known as Gothic with an emphasis on spiral staircase to allow public access.,raw_avs_responses/avs_2p.csv
0,Which of the mentioned scientific disciplines has the most significant contribution to the history of medicine?,207,"The most significant contribution from the mentioned scientific disciplines towards the history of medicine comes from **Modern Geology** with James Hutton’s contribution and Charles Darwin’s contribution as well as Richard Bright’s contribution with Nephrology, which heavily influenced medical practices with his work on physiological systems and evolution of biological understanding as well as his contribution with Electromagnetism and evolution by Darwin influencing medical practices as well as Joseph Lister's contributions as well as Thomas Bayes’s contributions and Peter Guthrie Tait’s contributions that heavily influenced modern cardiology and neurology with his work on physiological systems and evolution of biological understanding..",raw_avs_responses/avs_4p.csv
1,"According to the text, how did the monks of Westminster Abbey avoid being ejected under Elizabeth I?",3,"According to the text:
Monks under the Catholic Mary I were ejected under Elizabeth I in1559, making their exemption difficult
",raw_avs_responses/avs_4p.csv
2,What was the primary reason for the dissolution of Westminster Abbey in 1550?,7,The primary reason for the dissolution of Westminster Abbey in 1550 was due for an uncertainty caused by Henry VIII’s English Reformation – specifically the dissolution and reformation that took place between Henry VIII's time and the dissolution and reformation that was retroactively applied as Westminster Abbey's two churches were recognised as cathedral churches as well as the abbey's golden feretory as dean of the cathedral..,raw_avs_responses/avs_4p.csv
3,What is the primary motivation behind Darwin’s intense focus on transmutation research?,7,The primary motivation behind Darwin’s intense focus on transmutation research was an attempt – driven by an urgent need –  to explore radical ideas about natural selection and create an expansive theory based on his observations and experimentation with plants and animals and an extensive network of experts who could contribute valuable knowledge. He aimed at rewriting his journal and obtaining an expert grant which ultimately enabled him greater success.,raw_avs_responses/avs_4p.csv
4,"How did Emma's religious beliefs initially develop, considering her intensive study and questioning, and how did her views change over time?",15,"Emma’s religious beliefs initially developed as an intensive study with Unitarianism as she’s found her family's silent turning around regarding her Trinitarian Creed – which she found challenging due her own desire for open dialogue – This wasn’t simply an adherence but rather an active questioning into where she could find her own truth. Her belief system stemmed from her upbringing within an Anglican village church where she deeply cherished her family's emphasis on inner feeling over established doctrine. This emphasis fostered her focus on an afterlife belief where she wanted closeness and an eternal connection with others – essentially an exploration into spiritual belonging beyond simply following rules. As an Unitarian, she actively sought understanding beyond mere text; her desire for an open dialogue fostered an inquisitive mindset that didn’t conform easily within her family's framework. This questioning ultimately steered her towards her current belief system’s core principles.",raw_avs_responses/avs_4p.csv
5,"How does the Royal (Dick) School of Veterinary Studies rank among the medical schools in the UK, and what is the relationship between Medicine and Veterinary Medicine within its structure?",9,"Here’s my response:

The Royal (Dick) School of Veterinary Studies ranks amongst the best medical schools in the UK as the second-ranked university by both the Guardian University Guide and the Times Higher Education World University Rankings in 2021. This ranking reflects its strong reputation as a world-leading veterinary medicine institution within an English-speaking context. And importantly, the school’s structure integrates Veterinary Medicine into its core curriculum and philosophy as an integral part of its medical school program.",raw_avs_responses/avs_4p.csv
6,What was the function of the south transept?,3,The south transept functioned as an ambulatory pathway that allowed for room above the cloisters used for storing abbey muniments.\n,raw_avs_responses/avs_4p.csv
7,What is the primary function of the Holyrood campus and how has it evolved over time?,6,"The primary function of the Holyrood campus was originally Moray House Institute for Education before merging with the university's school of Arts and Culture and Environment.  Over time, it’s evolved into an outreach center housing research and teaching facilities and an hospital for small and farm animals. This seems like an evolution driven by its purpose as an educational institution!",raw_avs_responses/avs_4p.csv
8,"Which Nobel Prizes have been associated with the University of Edinburgh alumni, faculty members, and researchers?",10,"Here’s what have been associated with the University of Edinburgh alumni before the 20th century:

*   **Nobel** Prize – for the Nobel equivalent prizes – have been associated with the University of Edinburgh alumni
*   **Robert Braithwaite** – This was an Olympic gold medalist
*   **Katherine Grainger** – This was an Olympic gold medalist
*   **Sir Chris Hoy** – This was an Olympic gold medalist
*   **Eric Liddell** – This was an Olympic gold medalist",raw_avs_responses/avs_4p.csv
9,"What is the primary function of the General Council, according to the provided text?",3,"According to the provided text, the primary function of the General Council consists of graduates, academic staff, current and former University Court members.
",raw_avs_responses/avs_4p.csv
10,What was the primary influence of Darwin’s work on the evolution of scientific thought?,5,The primary influence of Darwin’s work on evolutionary science was his proposition that all species of life have descended from common ancestors with modification over time. This fundamentally shifted how scientists viewed biodiversity and provided the foundation for modern evolutionary theory – including genetics and evolutionary synthesis – which continues to develop today.,raw_avs_responses/avs_4p.csv
11,"What is the central argument of Malthus's essay on Population, according to Darwin?",4,The central argument of Malthus's essay on Population was that human population growth beyond resources was ordained by God as get humans to work productively and show restraint as get seven of whom survived.,raw_avs_responses/avs_4p.csv
12,"In what year was Edna Healey's biography ""Emma Darwin: The inspirational wife of a genius"" published, and how many pages does it contain?",6,"Edna Healey's biography ""Emma Darwin: The inspirational wife of a genius"" was published for the year of **2008**, with an exact number not specified because there are multiple editions with differing page counts. However, I can provide an approximate number which includes all editions with similar details.",raw_avs_responses/avs_4p.csv
13,"Which building at the Holyrood campus was opened by Princess Anne in 2017, and what is its primary purpose?",4,"The £80 million O'Shea Hall at Holyrood was opened by Princess Anne in 2017, and its primary purpose was as an accommodation building for postgraduate students.",raw_avs_responses/avs_4p.csv
14,"What was the primary tension faced by Emma and Charles Darwin throughout their marriage, and how did they address these tensions?",35,"Okay! Let's break down Emma Darwin’s relationship with Charles Darwin during their marriage and address their primary tensions. The tension stemmed from several interwoven elements:

*   **Charles's Exploration & Doubt:** Charles Darwin’s fascination with transmutation – his belief that life could change into different forms – created an inherent tension with Emma’s faith and her desire for scientific observation through rigorous experimentation rather than dramatic claims about spontaneous creation. Emma feared that Charles’s pursuit would undermine her religious beliefs.
*   **Emma’s Commitment & Suffering:** Emma’s unwavering commitment and her profound grief over her children's losses – Anne and George – had deeply affected her and instilled fear that her husband's pursuit would be destructive or harmful. She struggled to find peace within her grief while simultaneously navigating his scientific obsession.
*   **Scientific vs. Religious Conflict:** Darwin’s work inherently involved confronting an ancient belief system – evolution – which threatened Emma’s worldview while Charles’s work would be challenged by her insistence on empirical evidence rather than an unquestioned belief system. This fundamental difference created an ongoing conflict between their worlds.


**How they addressed these tensions:**

Emma Darwin addressed these tensions through various methods:
*   **Faith-Based Communication:** Emma sought solace through prayer and her belief system, often referencing scripture or religious symbols alongside Charles’s scientific observations. This allowed her not be silenced by his scientific pursuits but guided his thought
*   **Emotional Support:** They spent countless hours talking about their fears and hopes – Anne’s illness and George’s passing – offering emotional support and reassurance which was invaluable during those challenging times.
*   **Quiet Observation:** Despite their disagreement regarding scientific truth they maintained an openness by quietly observing each other's thinking and actions
*   **Focusing on Love and Connection:** Emma emphasized their love and their commitment as husband and wife. They focused on building an environment based on trust and mutual respect that could withstand their differing views about evolution.
This demonstrates their ability as an couple- they maintained their faith as long as possible while acknowledging their disagreements.",raw_avs_responses/avs_4p.csv
15,"How did Darwin's upbringing and family influence his views on social and political issues, specifically regarding slavery, and his interactions with indigenous populations?",12,"Here’s an explanation based on your provided information:

Darwin’s upbringing as the grandson of Josiah Wedgwood -a prominent Whig reformer supporting electoral reforms - profoundly influenced his views on social and political issues regarding slavery. This upbringing instilled within him an unwavering opposition against slavery as he saw it as inherent injustice. This was compounded by his interactions with Yaghans (Fuegians), Jemmy Button, which further cemented his perspective – his description of their “societal savages” reflected his growing awareness of their brutal conditions and his commitment toward social reform. This exposure showed him his time was marked by an era where racial hierarchies were an issue as well as his social position reflecting his strong anti-slavery stance.",raw_avs_responses/avs_4p.csv
16,In what year was the Diagnostic Society of Edinburgh founded?,2,The Diagnostic Society of Edinburgh was founded in **1787**.,raw_avs_responses/avs_4p.csv
17,"According to Darwin, what did the book conclude about the nature of life, highlighting the concept of evolution and the end of a few forms being ""evolved"" into many?",8,"According Darwin concluded that *On the Origin of Species* presented evidence of evolution – highlighting his theory’s core tenets:

1.  **Evolution:** Darwin’s work presented strong evidence for evolution – specifically, *sexual selection*.
2.  **End of Forms:** He argued in favouring an *end* of many forms being ""evolved"" into many, indicating an ongoing process with variation and change within species.
",raw_avs_responses/avs_4p.csv
18,"What significant event took place on 6 July 1920 at the King's Buildings campus, and which department did the first new building house?",4,"On June 1920, King George V laid the foundation of the first new building (now called The Joseph Black Building), housing the Department of Chemistry.",raw_avs_responses/avs_4p.csv
19,What is the primary reason Darwin's theory of evolution was initially met with criticism?,3,The primary reason Darwin's theory of evolution was initially met with criticism was due to opponents deriding his description as Malthusian justification for the English industrial capitalism of the time.,raw_avs_responses/avs_4p.csv
20,"How did Edward the Confessor's rebuilding of Saint Peter's Abbey begin, and what was the primary purpose behind the project?",8,"Edward the Confessor began rebuilding Saint Peter's Abbey as an order for himself and his family’s burial and as part of an ambitious project to complete an abbey which was initially an existing pyramidal structure dating back approximately four centuries. This project was undertaken by Henry of Reynes as master mason as construction began on June 6th,1245 under Henry’s master mason Henry of Reynes .",raw_avs_responses/avs_4p.csv
21,What is the main function of the Edinburgh University Students' Association?,3,The main function of Edinburgh University Students' Association (EUSA) can be summarized as responsible for overseeing over 250 student societies within university and beyond.,raw_avs_responses/avs_4p.csv
22,"Based on the 2021 THE World University Rankings by Subject, which subject at Edinburgh University ranked 10th worldwide, and how did the university perform globally in Computer Science?",5,"Based on the rankings from 2021 THE World University Rankings by Subject, computer science at Edinburgh was ranked **1st** globally among universities as well as has been well-regarded as one of best places for NLP in the world.",raw_avs_responses/avs_4p.csv
23,"What is the significance of the Diagnostic Society of Edinburgh, and what connection does it have to the university?",10,"Here’s my answer:

The Diagnostic Society of Edinburgh holds significant significance as its oldest student debating society in the UK with its roots tracing back over four centuries! This society was founded by the University of Edinburgh in 1787 as an indirect association with Una Europa and Universitas 21 (international associations).  Edinburgh maintains strong ties with Heriot-Watt University for collaborative teaching and research opportunities alongside its historic connection with these international associations. In short – it’s an integral part of Edinburgh’s university identity and an established institution with an extensive history!",raw_avs_responses/avs_4p.csv
24,"What was the initial reaction of other members of the crew (particularly the Fuegians) to Darwin’s arrival on the ship, and how did this impact the voyage's progress?",25,"Okay! Let’s delve into the initial reactions of other crew members – particularly regarding the Fuegians – regarding Darwin’s arrival on the HMS Beagle. This provides an important context for understanding the voyage’s complexities and its profound impact on Darwin’s thinking. Here’s my answer following your instructions:

After delays, the voyage began on December 27th,1831; it lasted almost five years. As FitzRoy had intended, Darwin spent most of that time on land investigating geology and making natural history college

Darwin’s interaction with Yaghans (Fuegians) such as Jemmy Button during the second voyage of HMS Beagle had a profound impact on his view of indigenous peoples. At his arrival in Tierra del Fuego he made an colourful description of ""Fuegian savages."" This
ch_s>=== Survey voyage on HMS Beagle ===

Following arriving at Tierra del Fuego he made an colourful description of ""Fuegian savages."" This encounter deeply affected Darwin's understanding of indigenous peoples as they challenged his preconceived notions about their behavior and their relationship with nature. This encounter spurred him into an intensive period of investigation – one which was not completed by any other man. This interaction dramatically shifted Darwin’s perspective – he began seeing them not as primitive or savage but as possessing complex and sophisticated knowledge regarding their environment and their survival skills. This profound shift in Darwin's thinking ultimately led him to his groundbreaking *On the Origin of Species*.",raw_avs_responses/avs_4p.csv
25,What is the primary architectural style of the Main Library building?,2,The primary architectural style of the Main Library building was Brutalist style eight-storey nine-storey.,raw_avs_responses/avs_4p.csv
26,Could you please generate 3 questions for a quiz/examination based on the provided text?,10,"Okay! Here are three questions for quiz/examination based on your provided text:

**1.**  What can be inferred about Charles Darwin’s approach regarding honesty and conscientious doubts? Explain briefly why you think this seems particularly painful.
**2.**  What does your final statement about Charles Darwin’s “belonging” imply? How does this contrast with your earlier feelings impact your understanding?
**3.** Considering what was shared by your personal feelings with Charley and your desire for openness and honesty – what does this suggest about your relationship?",raw_avs_responses/avs_4p.csv
27,"Beyond weddings, what other significant events occurred at Westminster Abbey?",5,"Westminster Abbey isn't just about weddings! Beyond simply holding coronation ceremonies, there have been significant events at Westminster Abbey since Edward III’s reign when Henry III began rebuilding it as an abbey with Gothic style and as an shrine made with woodwork..",raw_avs_responses/avs_4p.csv
28,"What is the primary focus of the University's research activities, as highlighted in the document?",3,The primary focus of the University’s research activities as highlighted in the document – according in common with other ancient universities of Scotland –  is *to promote research*.,raw_avs_responses/avs_4p.csv
29,"How did Charles Kingsley attempt to influence the religious community regarding Darwin’s views, and what was the significance of the Bishop of Oxford’s response?",20,"Charles Kingsley attempted numerous methods – primarily through his writing and public lectures –  to influence the religious community regarding Darwin’s views of evolution by demonstrating his faith’s importance within scientific thought. He used arguments like highlighting his belief in God’s program as underpinning evolution’s process and presenting his exploration into geographical continuity as evidence supporting his theory. He specifically targeted the Bishop of Oxford’s response by outlining an argument he used – essentially claiming God’s plan – which was intended as an endorsement for his scientific theories which he believed was intrinsically linked and supported by God’s plan.

The significance of Bishop of Oxford’s response lies in its explicit acknowledgement – albeit hesitant – by him – his position as an advocate of the Bible as fundamental, his belief he sought an opportunity for his students and theologians – not necessarily an attempt at outright conversion – but an exploration into an intellectual landscape where Darwin’s thoughts could be explored more freely. In essence , he sought an intellectual challenge – an acknowledgement – for Darwin's ideas and an opportunity for theologians such as him – not an attempt at conversion – but an exploration into an intellectual landscape where Darwin’s thoughts could be explored more freely.",raw_avs_responses/avs_4p.csv
30,"Darwin's observations about the shells on the Galapagos Islands, especially the varying shapes of tortoise shells, initially led him to believe that the atolls of the Cocos Islands had formed due to what process?",5,"Darwin’s observations about the shells on the Galapagos Islands, especially the varying shapes of tortoise shells, initially led him to believe that the atolls of the Cocos Islands had formed due to what process?

**Marine evolution.**",raw_avs_responses/avs_4p.csv
31,What was Charles Lyell's primary motivation for meeting with Darwin?,6,"Charles Lyell's primary motivation for meeting with Darwin was for several reasons: he was eager/encouraged/witheringly interested as was with an anatomist who described God as being programmed as opening bold speculation about replacing extinct species by others as ""a natural phenomenon.""",raw_avs_responses/avs_4p.csv
32,Can you provide a short explanation of the history of the Edinburgh University Theatre Company (EUTC) and its key contributions?,66,"Absolutely! Let's delve into the history and key contributions of the Edinburgh University Theatre Company (EUTC). Here’s an explanation:

The Edinburgh University Theatre Company (EUTC) was founded specifically as the Edinburgh University Drama Society back in 1890. This was an ambitious program focused on nurturing student talent and promoting dramatic performance within Edinburgh’s academic community. This was initially focused around promoting comic operettas by Sir William Gilbert and Sir Arthur Sullivan – these were incredibly popular musical works!

Here’s what’s really significant:

*   **Bedlam Theatre:** This was initially focused on This was an incredibly important role as it was regarded as 'Oldest student-run theatre in Britain'. This was initially focused as This was originally focused as This was originally focused as This was initially focused as This was originally focused as This was initially focused as This was initially focused as This was initially focused as This was initially focused as This was initially focused as This was initially focused as This was initially focused as This was initially focused as This was initially focused as This was initially focused as This was initially focused as This was initially focused as This was initially focused as This was initially focused as This was initially focused as This was initially focused as This was initially focused as This was initially focused as This was initially focused as This was initially focused as This was initially focused as This was initially focused as This was initially focused as This was initially focused as This was initially focused as This was initially focused as This was initially focused as This was initially focused as This was initially focused as This was initially focused as This was initially focused as This was initially focused as This was initially focused as This was initially focused as This was initially focused as This was initially focused as This was initially focused as This was initially focused as This was initially focused as This was initially focused as This was initially focused as This was initially focused as This was initially focused as This was initially focused as This was initially focused as This was initially focused as This was initially focused as This was initially focused as This was initially focused as This was initially focused as This was initially focused as This was initially focused as This was initially focused as This was initially focused as This was initially focused as This was initially focused as This was initially focused as This was initially focused as This was initially focused as This was initially focused as This was initially focused as This was initially focused as This was initially focused as This was initially focused as This was initially focused as This was initially focused as This was initially focused as This was initially focused as This was initially focused as This was initially focused as This was initially focused as This was initially focused as This was initially focused as This was initially focused as This was initially focused as This was initially focused as This was initially focused as This was initially focused as This was initially focused as This was initially focused as This was initially focused as This was initially focused as This was initially focused as This was initially focused as This was initially focused as This was initially focused as This was initially focused as This was initially focused as This was initially focused as This was initially focused as This was initially focused as This was initially focused as This was initially focused as This was initially focused as This was initially focused as This was initially focused as This was initially focused as This was initially focused as This was initially focused as This was initially focused as This was initially focused as This was initially focused as This was initially focused as This was initially focused as This was initially focused as This was initially focused as This was initially focused as This was initially focused as This was initially focused as This was initially focused as This was initially focused as This was initially focused as This was initially focused as This was initially focused as This was initially focused as This was initially focused as This was initially focused as This was initially focused as This was initially focused as This was initially focused as This was initially focused as This was initially focused as This was initially focused as This was initially focused as",raw_avs_responses/avs_4p.csv
33,What specific geographic features and discoveries did Darwin make during his voyage on HMS Beagle?,9,"During his voyage on HMS Beagle, Darwin made several specific geographic features and discoveries:

*   He explored the South Atlantic Ocean;
*   He explored the waters off the coasts of Scotland and Ireland;
*   He observed various plant life and discovered new species;
*   He mapped land features along the coastlines;
*   He discovered evidence of marsupial and reptile life;

I can provide more details if you'd like!",raw_avs_responses/avs_4p.csv
34,What is the significance of the Historical links between Edinburgh and other universities?,8,"Here’s why the historical links between Edinburgh and other universities are significant:

Edinburgh has several historical links with other universities – particularly its Medical School – as they played an influential role in establishing and developing institutions elsewhere globally as an intellectual centre during the Scottish Enlightenment and was regarded as one of the world's preeminent scientific institutions and was nicknamed ""Athens of the North"". This legacy significantly shaped the city's reputation as an center for learning and innovation..",raw_avs_responses/avs_4p.csv
35,Where can one find Emma Darwin's diaries from the years 1824 to 1896 according to the context provided?,6,Emma Darwin's diaries can be found at Find a Grave (www.findagrave .com/users/38207/). You can also find them with an autobiographical chapter by Charles Darwin (1809–1882) with original omissions restored by Nora Barlow and edited by John Murray.,raw_avs_responses/avs_4p.csv
36,How was the Teviot Row House for the Edinburgh University Union (EUU) established?,4,The Teviot Row House was established by Robert Fitzroy Bell as part of the Edinburgh University Union (EUU) due their founding date as an early purpose-built student union building in Edinburgh University!,raw_avs_responses/avs_4p.csv
37,Which of the following best describes the relationship between the abbey and the burials within it?,6,"The abbey serves as the burial site for more than three thousand people with prominent figures within British history (monarchs, prime ministers, poets laureate etc.) due primarily to their fame as figures buried there and has an honour for any British person who's buried or commemorated within it since the18th century..",raw_avs_responses/avs_4p.csv
38,How did Edinburgh University Students' Association (EUSA) facilitate and represent students to the university and the wider world?,7,Edinburgh University Students' Association (EUSA) facilitated and represented students through its five sabbatical office bearers – president and four vice presidents – which ensured its role as an integral part of student life and beyond. EUSA was instrumental in representing students by overseeing over two hundred student societies across university and wider areas through their involvement as an affiliated body with the National Union of Students' Union (NUSU).,raw_avs_responses/avs_4p.csv
39,How did the organizational structure and lack of land endowments contribute to Edinburgh University's role in the Scottish Enlightenment during the 18th century?,25,"Here’s how your question can be answered based on my knowledge:

Edinburgh University's remarkable role during the Scottish Enlightenment was largely shaped by its unique organizational structure and its distinct lack of land endowments. This environment fostered an intensely competitive atmosphere where brilliant minds flocked there – exemplified by figures like Joseph Black and Adam Smith – contributing significantly during this era.  Here’s why:

*   **Emphasis on Competition:** This highly competitive environment encouraged scholars (like Benjamin Franklin) not only focused on their own research but actively sought out other intellectuals who could challenge their ideas and contribute their expertise. This was crucial for accelerating advancements across multiple fields.
*   **Lack of Land Endowments:** The university’s reliance on an endowment as its primary funding source fostered an environment where faculty operated independently and often competed for scarce resources - particularly land. This scarcity drove innovative research and fostered an environment where an independent mindset was prized.
*   **Enlightenment Figures Attracted:** Edinburgh’s focus created an inviting environment where individuals who were considered innovators – Joseph Black and Adam Smith – were drawn by its intellectual environment and were able more readily provide their expertise. This contributed heavily to its role as an important hub for advancing scientific thought in Europe.

Essentially, this combination – an intensely competitive environment and an absence of land-based funds – created an unparalleled environment that propelled Edinburgh University into an indispensable position within the broader context of the Scottish Enlightenment during this period.",raw_avs_responses/avs_4p.csv
0,"Based on the provided text, what is the significance of the lantern tower's current state?",220,"Based on the provided text, the lantern tower’s current state suggests an unusual period: an architecture with an unusual history: This tower seems older than what’s generally accepted: The tower has an extensive history extending over centuries. The tower’s current state seems unusual: This tower has an extraordinary history: This tower's construction dates back over two centuries.",raw_avs_responses/avs_6p.csv
1,What is the primary function of the Senate Academicus and who is generally responsible for its leadership?,9,"Here’s an answer based on your provided information:

The primary function of the Senate Academicus (Senatus Academicus) revolves around its role as the supreme academic body overseeing university affairs and ensuring proper teaching and research practices.  Specifically, they are chaired by their principal (who also acts as Vice-Chancellor) – they are appointed by the University Court. They are responsible for appointing assessors on University Court and are ultimately accountable for regulating and supervising teaching and discipline within the university.",raw_avs_responses/avs_6p.csv
2,What is the primary source of information regarding Darwin's theory of evolution?,9,The primary source of information regarding Darwin’s theory of evolution was Darwin’s scientific discovery that continued developing from his work starting as early as the 1930s until around the late1950s that encompassed natural selection as the basic mechanism of evolution. This was evidenced by detailed examination by Darwin and his scientific discoveries regarding earthworms and their effect on soil and ultimately by his book On the Origin of Species which he published with compelling evidence as he examined earthworms and their effect on soil.,raw_avs_responses/avs_6p.csv
3,"- 2. What did Emma Darwin primarily focus on during her time with Charles Darwin, particularly in the later years?",4,Emma Darwin primarily focused on **the evolution of musical ability by means of sexual selection**. Her religious views were not simple but influenced her thinking regarding species and human evolution through intense study and questioning..,raw_avs_responses/avs_6p.csv
4,What was the primary reason for the unfinished state of the church when Richard II first arrived?,5,The primary reason for the unfinished state of the church was due to Henry V's disappointment with an abbey's unfinished state – he felt there was something not done. He also prayed at Edward the Confessor’s shrine seeking divine aid when human counsel was altogether wanting during the Peasants' Revolt.,raw_avs_responses/avs_6p.csv
5,"How did Darwin’s research with barnacles, particularly Mr. Arthrobalanus, contribute to the development of his theory of natural selection?",23,"Darwin’s research with barnacles, particularly Mr. Arthrobalanus, was instrumental in his theory of natural selection. Here’s how:

*   **Understanding Heterochrony:** Darwin’s obsession with Mr. Arthrobalanus’s unusual morphology (a miniature male barnacle parasitizing an hermaphrodite) led him to realize there were similarities between barnacle body parts – seemingly simple structures – that served different purposes. This highlighted *heterochrony* – where similar structures evolved independently due solely by chance and environmental pressures rather than by common ancestry.
*   **Defining Homology:** By observing Mr Arthrobalanus's atypical traits (like male miniature limbs) he began recognizing homology – similarities between body parts that suggest they have shared origins rather than being inherited traits as he would normally be assumed by evolutionary theory. This helped him understand how new characteristics can arise through evolutionary changes without being inherited like traits passed down from parentage.
*   **Establishing the Intermediate Stage:**  Darwin’s research provided evidence that there’s an intermediate stage where males provide an advantage (like parasitism) that’s not entirely reliant on having sex itself – demonstrating an evolutionary pathway where an trait can evolve at an intermediate stage before becoming fixed. This concept formed part of his theory of natural selection and how species can change over time.
",raw_avs_responses/avs_6p.csv
6,What was the significance of the South Bridge Act of 1785 in relation to the university's physical location and its historical connections?,8,The South Bridge Act of 1785 was significant because it established an area (West Mains Farm) that was previously an area where various buildings had existed as an old “hotchpotch” of buildings and was used as an initial location for university’s authority over its own affairs.. This act fundamentally redefined the university’s physical location and its historical connections by establishing governing bodies like an university court and an general council that oversaw university affairs.,raw_avs_responses/avs_6p.csv
7,"What was John Stevens Henslow’s primary area of interest during his career, and how did his early interests align with his later career path?",10,John Stevens Henslow's primary area of interest during his career was his work with evolution and particularly his observations about insects and their behavior within his Hitcham estate and with Ipswich Museum as he established as President. His early interests were rooted in his fascination with museums as vehicles for education and his deep belief in natural history as an overarching subject. His later career path was directly influenced by these early interests – his relentless pursuit to understanding evolutionary change and his focus on detailed insect observations – which he developed with his work at Ipswich Museum and Hitcham Estate.,raw_avs_responses/avs_6p.csv
8,"According to Darwin, what was the primary objective of the voyage on HMS Beagle?",4,"According to Darwin, he sought primary objective of the voyage on HMS Beagle was To support Charles Lyell’s concept of gradh_s>=== Survey voyage on HMS Beagle ===",raw_avs_responses/avs_6p.csv
9,What is the historical significance of the Edinburgh University Students' Association (EUSA)?,9,The Edinburgh University Students' Association (EUSA) was founded over two centuries ago (1866) as part of an earlier Union dedicated specifically *to* women's rights and student representation. Its historical significance lies in its role as an organization that actively fought for equal rights and advocated as an equal representative council for students. This history reflects an early commitment by Edinburgh University itself towards inclusivity and representation in its student body – an ethos which continues within the organization today.,raw_avs_responses/avs_6p.csv
10,How many partner institutions are associated with the university's exchange programmes?,3,There are approximately **300** partner institutions associated with the university's exchange programmes worldwide.\n\n,raw_avs_responses/avs_6p.csv
11,- 3. What was the primary purpose of Charles Darwin's letter to Emma?,4,The primary purpose of Charles Darwin's letter was Emma’s desire for her belief that differences between beliefs would separate them and her desire that they should be close and openly share ideas.,raw_avs_responses/avs_6p.csv
12,"What are the different types of medals awarded by the Society, and how do their values differ based on the specific context within the documents?",63,"Okay! Let's break down what you’re asking about:

**Different Types of Medals Awarded by the Society**

By combining “Specialist Groups” with “publications,” I’m referring specifically that the Society awards medals (specifically Wollaston Medal). Here’s how you can categorize them:

*   **Specialist Groups:** These medals are focused around specific areas or expertise – like Geology and have distinct focuses within them as well
*   **Publications:** These medals are awarded by publishing something as part as part as part as part as part as part as part as part as part as part as part as part as part as part as part as part as part as part as part as part as part as part as part as part as part as part as part as part as part as part as part as part as part as part as part as part as part as part as part as part as part as part as part as part as part as part as part as part as part as part as part as part as part as part as part as part as part as part as part as part as part as part as part as part as part as part as part as part as part as part as part as part as part as part as part as part as part as part as part as part as part as part as part as part as part as part as part as part as part as part as part as part as part as part as part as part as part as part as part as part as part as part as part as part as part as part as part as part as part as part as part as part as part as part as part as part as part as part as part as part as part as part as part as part as part as part as part as part as part as part as part as part as part as part as part as part as part as part as part as part as part as part as part as part as part as part as part as part as part as part as part as part as part as part as part as part as part as part as part as part as part as part as part as part as part as part as part as part as part as part as part as part as part as part as part as part as part as part as part as part as part as part as part as part as part as part as part as part as part as part as part as part as part as part as part as part as part as part as part as part as part as part as part as part as part as part as part as part as part as part as part as part as part as part as part as part as part as part as part as part as part as part as part as part as part as part as part as part as part as part as part as part as part as part as part as part as part as part as part as part as part as part as part as part as part as part as part as part as part as part as part as part as part as part as part as part as part as part as part as part as part as part as part as part as part as part as part as part as part as part as part as part as part as part as part as part as part as part as part as part as part as part as part as part as part as part as part as part as part as part as part as part as part as part as part as part as part as part as part as part as part as part as part as part as part as part as part as part as part as part as part as part as part as part as part as part as part as part as part as part",raw_avs_responses/avs_6p.csv
13,"Considering the bibliography provided, how does ""Whatever is Under the Earth: The Geological Society of London 1807 to 2007"" contribute to our understanding of the Society's history and impact over two centuries?",24,"“Whatever is Under the Earth: The Geological Society of London” offers significant insight into our understanding of the Society’s history as an established institution deeply rooted within British science and education. Here’s how:

*   **Historical Context:** It provides an invaluable account of the Society’s beginnings – its formation as an older national geological society – tracing its lineage back over two centuries. This establishes an incredibly long tradition of scientific inquiry within Britain.
*   **Evolution & Membership:**  Understanding its membership history—with over 12,000 Fellows—highlights its longevity as an organization dedicated long-term and continuous pursuit and research by geologists across Europe. This emphasizes their sustained dedication and commitment across various disciplines and regions..
*   **Contribution & Founding Principles:**  By discussing the Wollaston Medal's history (a highly prestigious recognition), it demonstrates how the Society’s commitment toward excellence and contributions were established.
*   **Fund Management & Legacy:** The mention of funds such as Lyell Fund and Murchison Fund reflects their long-term commitment toward funding scientific endeavors and supporting geological research. This illustrates their sustained financial resources toward promoting geosciences research..
*   **Focus on a broad range:** By detailing what was done by members and their contributions over two centuries ago- one can see an understanding as an organization focused and driven by scientific discoveries and advancement..",raw_avs_responses/avs_6p.csv
14,"What is the primary reason for Charles Darwin's intense interest in evolution during the 1870s, as highlighted in the text?",7,"The primary reason Charles Darwin’s intense interest in evolution during the 1870s stemmed from his keen observation about similar similarities between Darwin’s thoughts and those of the popular natural history theories that were greeted by less controversy than had greeted evolution itself. He scrutinized scientific responses seeking precedent, prompting him not just to publish his journal but establishing precedence as an authority on this subject..",raw_avs_responses/avs_6p.csv
15,"Why was the nave constructed over the course of centuries, and what was the initial impact of the building process?",11,"Here’s why the nave was constructed over centuries:

*   **Historical Origins:** The nave was built over centuries with an original design rooted deep into the past – spanning at least centuries from east-to-west and generations of builders stuck at their original design.
*   **Impact:** This construction created an unified style as markers of an extensive gap between buildings were seen across the region. Rheims Cathedral was an exception; they were painted with bright colors and gilded piers were left unpainted as an example demonstrating their earlier design as well as an example for preservation purposes

Let’s hope this helps!",raw_avs_responses/avs_6p.csv
16,How did Darwin's voyage on HMS Beagle influence his development of his theory of natural selection?,12,Darwin’s voyage on HMS Beagle profoundly influenced his development of his theory of natural selection because it led him directly into observing and recording evidence *against* evolution by chance – specifically an argument about design. He gathered evidence illustrating adaptation *within* species that could be explained by natural processes like inheritance of variation and selection by natural forces. By meticulously documenting these observations he provided compelling evidence that suggested an *adaptation* driven by evolutionary change – which was in direct contradiction with traditional beliefs about creation *ex nihilo* (from nothing). Ultimately his journey shaped his understanding that life evolved over time through gradual changes within populations rather than by an intelligent designer acting at an origin.,raw_avs_responses/avs_6p.csv
17,"What are the main functions of Westminster Abbey, as highlighted in the provided text?",8,"Westminster Abbey’s main functions as highlighted in the provided text include:

*   Singing for daily services
*   Playing central role in many state occasions
*   The abbey has strong connections with royal family
*   It has been patronised by monarchs
*   It was The location for coronations
*   Royal weddings and funerals
*   several monarchs have more than 260 years

",raw_avs_responses/avs_6p.csv
18,How did the pressures of the Victorian era influence Darwin's work and his well-being?,12,"The Victorian era had immense pressures on Darwin’s work and his health. His health suffered due largely because he faced immense pressure. This pressure came as a result of his work and an unusual ailment that was not well understood by doctors at that time – an uncomfortable palpitation of his heart. Darwin worked under pressure due primarily because he was attempting an extensive study by observing an indigenous culture's detailed ecological knowledge, which ultimately led him down an obscure path which was to be understood by European colonisation and ultimately led him towards an understanding that his European colonial endeavors would often be detrimental to his health. This pressure ultimately contributed greatly to Darwin’s health problems as well as his failure
to truly grasp ecological knowledge.",raw_avs_responses/avs_6p.csv
19,What was the major cleaning and restoration program carried out on the Cosmati pavement?,3,"The major cleaning and restoration program carried out on the Cosmati pavement was undertaken by Pope Benedict XVI with an effort towards constructing the Corona.
",raw_avs_responses/avs_6p.csv
20,How did John Leland’s description of the chapel influence the design of the chapel?,5,John Leland’s description of the chapel profoundly influenced its design by inspiring an English poet's idea about the nature of God's creation through geometric designs such as those found within its pavement and reflecting medieval Christian ideas on the universe.,raw_avs_responses/avs_6p.csv
21,What was the purpose of the BioQuarter project?,9,"The purpose of the BioQuarter project was initially an attempt by scientists who believed there was an unbridgeable gap between humans and animals – perhaps intended as an exploration into human-animal symbiosis or an exploration into how we could improve civilisation by integrating humans and animals more closely. However, due circumstances that were abandoned as the mission was abandoned, This was ultimately focused on establishing an environment that fostered collaboration between humans and animals through research and development, ultimately leading toward Edinburgh Medical School and Royal Infirmary Hospital..",raw_avs_responses/avs_6p.csv
22,What was the primary influence on Darwin's early life and education?,3,"The primary influence on Darwin’s early life and education was his passion for natural science, which was confirmed by his five-year voyage on HMS Beagle.",raw_avs_responses/avs_6p.csv
23,What was the main occupation of John Stevens Henslow?,3,"John Stevens Henslow was an English Anglican priest, botanist and geologist. His main occupation was as an English botanist and geologist.",raw_avs_responses/avs_6p.csv
24,- 1. The Wedgwood family relocated to Down House after what event?,1,11 November 1838,raw_avs_responses/avs_6p.csv
25,How did the establishment of the Royal Society of Edinburgh in 1783 contribute to the development of scientific institutions like Edinburgh University?,13,"The establishment of the Royal Society of Edinburgh in 1783 significantly contributed significantly by several reasons:

1.  **Promotion of Scientific Inquiry:** By attracting key Enlightenment figures like Joseph Black, Edinburgh University quickly became an intellectual centre during the Scottish Enlightenment.
2.  **Development of Academics:** This period fostered an environment where universities like Edinburgh were renowned for their scientific work and contributed greatly. This led towards Edinburgh becoming an ""Athens of the North""
3.  **Establishment of a System:** This system promoted and supported an extensive network of scientific institutions which was critical for building an extensive network among scientists as well as scientists' work. This network ultimately expanded around across Europe as well as around around globally.
",raw_avs_responses/avs_6p.csv
26,"What professions is John Stevens Henslow best known for, and who did he mentor?",5,"John Stevens Henslow was best known for being an English Anglican priest, botanist and geologist, particularly for his contribution toward classifying various species within plants with his work on Hitcham specimens and his role as mentor for Charles Darwin.",raw_avs_responses/avs_6p.csv
27,"What is the primary purpose of the abbey, as described in the document?",4,The primary purpose of the abbey as described in the document revolves around its role as the location where royalty have performed important duties and were granted an exemption from the Bishop of London’s jurisdiction.,raw_avs_responses/avs_6p.csv
28,"How do the funds administered by the Geological Society relate to its mission or activities, based on the names of the funds listed in the document?",10,"Here’s my response based on your request:

The funds administered by the Geological Society relate directly and fundamentally into its mission! Specifically, Lyell Fund supports geological research and discovery and Murchison Fund supports exploration and mapping activities. These funds are integral parts of its overall mission – fostering geologists' knowledge and allowing them greater expertise. They facilitate communication and allowing them an opportunity not only be known as who they were but also who they know. This focus supports their professional development and ultimately contributes toward advancing geologically.",raw_avs_responses/avs_6p.csv
29,"Based on the provided historical links, what types of institutions were founded by alumni of Edinburgh medical schools, and why were they established?",9,"Based on the provided historical links, Edinburgh medical schools contributed significantly to establishing non-denominational colleges that were open to all as well as significant advancements toward medical education and public health practices throughout the English-speaking world. Specifically:

*   **Dalhousie University:** George Ramsay established Edinburgh-Alumni George Ramsay wanted an institution open to all students as an attempt at establishing non-denominational college
*   **Columbia University:** Samuel Bard founded Edinburgh Medical School as an institution dedicated to establishing medical education.",raw_avs_responses/avs_6p.csv
30,What is the name of the library system at the university?,4,The library system at Edinburgh University Library was founded by Clement Litill as donation of a large collection by the university and today was established as largest collection as part of the university’s academic year.,raw_avs_responses/avs_6p.csv
31,"What was the primary motivation behind Darwin’s research, as outlined in the passage?",4,Darwin’s primary motivation behind his research was primarily focused on understanding *natural selection*. In fact his prime hobby was conducting experiments where he investigated whether species were fixed or not.,raw_avs_responses/avs_6p.csv
32,How did the medical school at Edinburgh University establish itself and what were some of its key graduates?,21,"Here’s an explanation about how Edinburgh Medical School established itself and some key graduates:

**How Edinburgh Medical School Established:**

Edinburgh Medical School was not simply founded by Samuel Bard; several physicians contributed significantly over time – Benjamin Waterhouse was an alumnus who helped establish an institution focused on medical training before Samuel Bard's arrival. This collaborative effort involved establishing an institution which was open-to-all due Robert Ramsay was seeking an educational institution open to all based on his background as an Edinburgh alumnus George Ramsay wanted an open institution focused on medicine which was founded by three surgeons – Andrew Fernando Holmes was an Edinburgh alumni who was an essential part to establishing an open institution with an open-to-all system- This was an extremely important element for Edinburgh Medical School’s rise as one of the leading medical schools worldwide. This was initially established by combining Edinburgh Medical School's medical curriculum with an open-to-all philosophy with other medical schools.

**Some Key Graduates:**

*   **Benjamin Waterhouse:** An Edinburgh alumni who played an important role during the establishment
*   **Andrew Fernando Holmes:** An Edinburgh alumni who was an essential part
*   **George Ramsay:** An Edinburgh alumnus who was an influential figure

",raw_avs_responses/avs_6p.csv
33,"What is the central theme or argument of Darwin's research concerning human population growth and its potential consequences, as presented in his writings?",7,"The central theme or argument of Darwin’s research concerning human population growth and its potential consequences – presented in his writings – can be summarized as Darwin arguing against an unchecked population growth that leads towards an Malthusian catastrophe – where human populations exceed resources. Specifically, he believed this growth was ordained by God as an attempt at productive work and restraint for humans.",raw_avs_responses/avs_6p.csv
34,How many years did it take to finish the church after the donation of funds?,1,It took five years.,raw_avs_responses/avs_6p.csv
35,What was the primary reason for the proposed construction of a corona around the lantern?,4,"The primary reason for constructing an ""corona"" around the lantern was because it was suggested an architectural feature – specifically this crown-like structure – should be built around the lantern over the central cross.",raw_avs_responses/avs_6p.csv
36,How does Darwin compare the population dynamics described in Malthus's An Essay on the Principle of Population to his own ideas about species struggle and the formation of new organisms?,30,"Here’s how Darwin compares Malthus’s ideas about population dynamics with his own perspectives:

Darwin recognizes Malthus’s focus on resource limitation – he believed that unchecked population growth would inevitably lead humans back towards subsistence and not towards productivity and innovation. However, he sees an intriguing connection between Malthus’s theory *and* his own ideas about species struggle and formation of new organisms which he’s later developed through his observations. Specifically:

*   **Malthus’s Perspective:** Darwin sees Malthus’s argument as an *indirect* relationship – he’s not arguing *against* population growth but *explaining* its potential for conflict *with* resources. He acknowledges an inherent struggle *but* doesn't see nature as inherently driven towards decline or an absence of production.
*   **His own ideas:** Darwin sees an *interesting* correlation between Malthus’s framework – by observing farmers picking best stocks – he begins an enquiry into species selection and adaptation that ultimately leads him into developing an idea about *struggle* – an inherent drive towards adaptation and selection that *leads* towards new forms - species and new evolutionary outcomes. He sees species struggle as *essential* for evolution and that new species have arisen as an *result* rather than as an inevitable outcome.

In essence, Darwin isn’t rejecting Malthus’s fundamental premise – he’s proposing an *evolutionary* explanation *for* it – one rooted not solely in God's decree but rather through an interplay between population growth and adaptation and selection. He’s building an edifice – not an end – by understanding *how* populations *evolve* and *change*.",raw_avs_responses/avs_6p.csv
37,"According to the text, what was the primary focus of Charles Darwin's early scientific investigations?",5,"According to the text, Darwin's primary focus was extensive experimental selective breeding of plants and animals as he sought evidence that species were not fixed and inv
ies"", he saw similarities with Darwin's thoughts and urged him to publish establish precedence.",raw_avs_responses/avs_6p.csv
38,What is the primary purpose of Henslow’s work in Hitcham?,10,"The primary purpose of Henslow’s work in Hitcham was threefold:

*   **to raise funds:** Henslow not only donated money but also raised funds by organizing competitions and exhibitions related with agriculture and rural life.
*   **to improve agriculture:** He aimed not only at providing an education but also at improving agricultural practices by educating parishioners about farming and its importance.
*   **to cultivate an educational environment:** Henslow established an educational environment where people would learn and improve their agricultural skills and knowledge

",raw_avs_responses/avs_6p.csv
39,How did Henslow's mentorship of Charles Darwin impact Darwin's scientific development and the direction of his research?,10,"Henslow's mentorship profoundly impacted Darwin’s scientific development by influencing his approach – he moved away from purely descriptive observation toward an exploration and hypothesis-driven methodology. His teachings emphasized rigorous observation and meticulous record-keeping alongside his own inquisitive nature that would later lead Darwin's work on evolul
ary theory. By fostering Darwin's understanding that nature can be shaped by variation and that species have common ancestry in addition his mentoring fostered Darwin’s systematic method and his focus on generating novel ideas that would ultimately underpin his groundbreaking theories about evolution.",raw_avs_responses/avs_6p.csv
